datetime,week,Hours,dayofyear,internet
2013-11-04 00:00:00,45.0,0.0,308.0,573.333
2013-11-04 01:00:00,45.0,1.0,308.0,459.7302
2013-11-04 02:00:00,45.0,2.0,308.0,422.65628
2013-11-04 03:00:00,45.0,3.0,308.0,386.0876
2013-11-04 04:00:00,45.0,4.0,308.0,375.13293
2013-11-04 05:00:00,45.0,5.0,308.0,418.93738
2013-11-04 06:00:00,45.0,6.0,308.0,546.13635
2013-11-04 07:00:00,45.0,7.0,308.0,690.04663
2013-11-04 08:00:00,45.0,8.0,308.0,702.2799
2013-11-04 09:00:00,45.0,9.0,308.0,683.0723
2013-11-04 10:00:00,45.0,10.0,308.0,676.8901
2013-11-04 11:00:00,45.0,11.0,308.0,712.26904
2013-11-04 12:00:00,45.0,12.0,308.0,740.6415
2013-11-04 13:00:00,45.0,13.0,308.0,690.0085
2013-11-04 14:00:00,45.0,14.0,308.0,742.37506
2013-11-04 15:00:00,45.0,15.0,308.0,719.24805
2013-11-04 16:00:00,45.0,16.0,308.0,741.8657
2013-11-04 17:00:00,45.0,17.0,308.0,718.8894
2013-11-04 18:00:00,45.0,18.0,308.0,774.8991
2013-11-04 19:00:00,45.0,19.0,308.0,790.5131
2013-11-04 20:00:00,45.0,20.0,308.0,861.5813
2013-11-04 21:00:00,45.0,21.0,308.0,829.554
2013-11-04 22:00:00,45.0,22.0,308.0,722.69165
2013-11-04 23:00:00,45.0,23.0,308.0,661.2369
2013-11-05 00:00:00,45.0,0.0,309.0,599.38257
2013-11-05 01:00:00,45.0,1.0,309.0,487.33633
2013-11-05 02:00:00,45.0,2.0,309.0,490.00342
2013-11-05 03:00:00,45.0,3.0,309.0,410.85025
2013-11-05 04:00:00,45.0,4.0,309.0,432.11496
2013-11-05 05:00:00,45.0,5.0,309.0,423.7209
2013-11-05 06:00:00,45.0,6.0,309.0,570.76715
2013-11-05 07:00:00,45.0,7.0,309.0,722.47986
2013-11-05 08:00:00,45.0,8.0,309.0,810.437
2013-11-05 09:00:00,45.0,9.0,309.0,690.1682
2013-11-05 10:00:00,45.0,10.0,309.0,647.00183
2013-11-05 11:00:00,45.0,11.0,309.0,732.2987
2013-11-05 12:00:00,45.0,12.0,309.0,746.89886
2013-11-05 13:00:00,45.0,13.0,309.0,692.623
2013-11-05 14:00:00,45.0,14.0,309.0,754.9829
2013-11-05 15:00:00,45.0,15.0,309.0,724.51337
2013-11-05 16:00:00,45.0,16.0,309.0,776.3901
2013-11-05 17:00:00,45.0,17.0,309.0,732.28424
2013-11-05 18:00:00,45.0,18.0,309.0,817.0447
2013-11-05 19:00:00,45.0,19.0,309.0,879.4409
2013-11-05 20:00:00,45.0,20.0,309.0,973.3408
2013-11-05 21:00:00,45.0,21.0,309.0,863.3006
2013-11-05 22:00:00,45.0,22.0,309.0,718.6
2013-11-05 23:00:00,45.0,23.0,309.0,716.3526
2013-11-06 00:00:00,45.0,0.0,310.0,582.15857
2013-11-06 01:00:00,45.0,1.0,310.0,476.2842
2013-11-06 02:00:00,45.0,2.0,310.0,481.4386
2013-11-06 03:00:00,45.0,3.0,310.0,398.8485
2013-11-06 04:00:00,45.0,4.0,310.0,434.5614
2013-11-06 05:00:00,45.0,5.0,310.0,432.6199
2013-11-06 06:00:00,45.0,6.0,310.0,597.7786
2013-11-06 07:00:00,45.0,7.0,310.0,791.43
2013-11-06 08:00:00,45.0,8.0,310.0,897.8498
2013-11-06 09:00:00,45.0,9.0,310.0,728.65015
2013-11-06 10:00:00,45.0,10.0,310.0,649.6999
2013-11-06 11:00:00,45.0,11.0,310.0,738.6556
2013-11-06 12:00:00,45.0,12.0,310.0,754.73083
2013-11-06 13:00:00,45.0,13.0,310.0,707.7539
2013-11-06 14:00:00,45.0,14.0,310.0,776.0701
2013-11-06 15:00:00,45.0,15.0,310.0,747.1402
2013-11-06 16:00:00,45.0,16.0,310.0,800.99756
2013-11-06 17:00:00,45.0,17.0,310.0,769.9138
2013-11-06 18:00:00,45.0,18.0,310.0,851.1574
2013-11-06 19:00:00,45.0,19.0,310.0,912.22723
2013-11-06 20:00:00,45.0,20.0,310.0,996.5674
2013-11-06 21:00:00,45.0,21.0,310.0,895.326
2013-11-06 22:00:00,45.0,22.0,310.0,725.3745
2013-11-06 23:00:00,45.0,23.0,310.0,725.1749
2013-11-07 00:00:00,45.0,0.0,311.0,582.71466
2013-11-07 01:00:00,45.0,1.0,311.0,487.38446
2013-11-07 02:00:00,45.0,2.0,311.0,495.941
2013-11-07 03:00:00,45.0,3.0,311.0,403.91418
2013-11-07 04:00:00,45.0,4.0,311.0,441.01242
2013-11-07 05:00:00,45.0,5.0,311.0,438.2384
2013-11-07 06:00:00,45.0,6.0,311.0,606.9277
2013-11-07 07:00:00,45.0,7.0,311.0,799.36334
2013-11-07 08:00:00,45.0,8.0,311.0,909.2403
2013-11-07 09:00:00,45.0,9.0,311.0,737.5451
2013-11-07 10:00:00,45.0,10.0,311.0,618.88275
2013-11-07 11:00:00,45.0,11.0,311.0,722.60803
2013-11-07 12:00:00,45.0,12.0,311.0,741.11743
2013-11-07 13:00:00,45.0,13.0,311.0,707.9332
2013-11-07 14:00:00,45.0,14.0,311.0,773.8669
2013-11-07 15:00:00,45.0,15.0,311.0,726.63556
2013-11-07 16:00:00,45.0,16.0,311.0,792.64
2013-11-07 17:00:00,45.0,17.0,311.0,750.64026
2013-11-07 18:00:00,45.0,18.0,311.0,877.443
2013-11-07 19:00:00,45.0,19.0,311.0,928.28174
2013-11-07 20:00:00,45.0,20.0,311.0,1009.1657
2013-11-07 21:00:00,45.0,21.0,311.0,900.49084
2013-11-07 22:00:00,45.0,22.0,311.0,719.87805
2013-11-07 23:00:00,45.0,23.0,311.0,735.17554
2013-11-08 00:00:00,45.0,0.0,312.0,571.21967
2013-11-08 01:00:00,45.0,1.0,312.0,486.60553
2013-11-08 02:00:00,45.0,2.0,312.0,486.82968
2013-11-08 03:00:00,45.0,3.0,312.0,383.50327
2013-11-08 04:00:00,45.0,4.0,312.0,421.99875
2013-11-08 05:00:00,45.0,5.0,312.0,411.57208
2013-11-08 06:00:00,45.0,6.0,312.0,599.84924
2013-11-08 07:00:00,45.0,7.0,312.0,789.4066
2013-11-08 08:00:00,45.0,8.0,312.0,916.36426
2013-11-08 09:00:00,45.0,9.0,312.0,716.6999
2013-11-08 10:00:00,45.0,10.0,312.0,592.6157
2013-11-08 11:00:00,45.0,11.0,312.0,733.5941
2013-11-08 12:00:00,45.0,12.0,312.0,706.5293
2013-11-08 13:00:00,45.0,13.0,312.0,690.4532
2013-11-08 14:00:00,45.0,14.0,312.0,764.384
2013-11-08 15:00:00,45.0,15.0,312.0,672.688
2013-11-08 16:00:00,45.0,16.0,312.0,760.0484
2013-11-08 17:00:00,45.0,17.0,312.0,702.4139
2013-11-08 18:00:00,45.0,18.0,312.0,893.3978
2013-11-08 19:00:00,45.0,19.0,312.0,915.9948
2013-11-08 20:00:00,45.0,20.0,312.0,1007.719
2013-11-08 21:00:00,45.0,21.0,312.0,882.35187
2013-11-08 22:00:00,45.0,22.0,312.0,743.23267
2013-11-08 23:00:00,45.0,23.0,312.0,778.2775
2013-11-09 00:00:00,45.0,0.0,313.0,558.18616
2013-11-09 01:00:00,45.0,1.0,313.0,457.20657
2013-11-09 02:00:00,45.0,2.0,313.0,452.71664
2013-11-09 03:00:00,45.0,3.0,313.0,342.80945
2013-11-09 04:00:00,45.0,4.0,313.0,367.33054
2013-11-09 05:00:00,45.0,5.0,313.0,346.9416
2013-11-09 06:00:00,45.0,6.0,313.0,531.3601
2013-11-09 07:00:00,45.0,7.0,313.0,651.08514
2013-11-09 08:00:00,45.0,8.0,313.0,841.1636
2013-11-09 09:00:00,45.0,9.0,313.0,652.43207
2013-11-09 10:00:00,45.0,10.0,313.0,588.8702
2013-11-09 11:00:00,45.0,11.0,313.0,769.3501
2013-11-09 12:00:00,45.0,12.0,313.0,693.586
2013-11-09 13:00:00,45.0,13.0,313.0,710.6961
2013-11-09 14:00:00,45.0,14.0,313.0,791.7624
2013-11-09 15:00:00,45.0,15.0,313.0,691.6308
2013-11-09 16:00:00,45.0,16.0,313.0,751.26324
2013-11-09 17:00:00,45.0,17.0,313.0,680.0134
2013-11-09 18:00:00,45.0,18.0,313.0,862.12085
2013-11-09 19:00:00,45.0,19.0,313.0,859.1858
2013-11-09 20:00:00,45.0,20.0,313.0,982.411
2013-11-09 21:00:00,45.0,21.0,313.0,857.88165
2013-11-09 22:00:00,45.0,22.0,313.0,740.1497
2013-11-09 23:00:00,45.0,23.0,313.0,773.25214
2013-11-10 00:00:00,45.0,0.0,314.0,643.2631
2013-11-10 01:00:00,45.0,1.0,314.0,492.6236
2013-11-10 02:00:00,45.0,2.0,314.0,457.34753
2013-11-10 03:00:00,45.0,3.0,314.0,355.0479
2013-11-10 04:00:00,45.0,4.0,314.0,335.57584
2013-11-10 05:00:00,45.0,5.0,314.0,310.77942
2013-11-10 06:00:00,45.0,6.0,314.0,366.03342
2013-11-10 07:00:00,45.0,7.0,314.0,408.17242
2013-11-10 08:00:00,45.0,8.0,314.0,638.9435
2013-11-10 09:00:00,45.0,9.0,314.0,564.7974
2013-11-10 10:00:00,45.0,10.0,314.0,531.8418
2013-11-10 11:00:00,45.0,11.0,314.0,712.7969
2013-11-10 12:00:00,45.0,12.0,314.0,689.9876
2013-11-10 13:00:00,45.0,13.0,314.0,798.75964
2013-11-10 14:00:00,45.0,14.0,314.0,866.6989
2013-11-10 15:00:00,45.0,15.0,314.0,800.13196
2013-11-10 16:00:00,45.0,16.0,314.0,783.0113
2013-11-10 17:00:00,45.0,17.0,314.0,783.39453
2013-11-10 18:00:00,45.0,18.0,314.0,862.1522
2013-11-10 19:00:00,45.0,19.0,314.0,880.7979
2013-11-10 20:00:00,45.0,20.0,314.0,997.70764
2013-11-10 21:00:00,45.0,21.0,314.0,856.9389
2013-11-10 22:00:00,45.0,22.0,314.0,671.81964
2013-11-10 23:00:00,45.0,23.0,314.0,673.652
2013-11-11 00:00:00,46.0,0.0,315.0,562.2273
2013-11-11 01:00:00,46.0,1.0,315.0,406.2561
2013-11-11 02:00:00,46.0,2.0,315.0,375.7802
2013-11-11 03:00:00,46.0,3.0,315.0,335.278
2013-11-11 04:00:00,46.0,4.0,315.0,318.6815
2013-11-11 05:00:00,46.0,5.0,315.0,357.40668
2013-11-11 06:00:00,46.0,6.0,315.0,459.08286
2013-11-11 07:00:00,46.0,7.0,315.0,674.3317
2013-11-11 08:00:00,46.0,8.0,315.0,753.2459
2013-11-11 09:00:00,46.0,9.0,315.0,686.11475
2013-11-11 10:00:00,46.0,10.0,315.0,674.94073
2013-11-11 11:00:00,46.0,11.0,315.0,712.657
2013-11-11 12:00:00,46.0,12.0,315.0,764.9598
2013-11-11 13:00:00,46.0,13.0,315.0,724.3127
2013-11-11 14:00:00,46.0,14.0,315.0,773.48584
2013-11-11 15:00:00,46.0,15.0,315.0,761.27325
2013-11-11 16:00:00,46.0,16.0,315.0,756.84033
2013-11-11 17:00:00,46.0,17.0,315.0,752.89856
2013-11-11 18:00:00,46.0,18.0,315.0,804.6794
2013-11-11 19:00:00,46.0,19.0,315.0,848.1267
2013-11-11 20:00:00,46.0,20.0,315.0,933.9851
2013-11-11 21:00:00,46.0,21.0,315.0,867.17426
2013-11-11 22:00:00,46.0,22.0,315.0,748.6893
2013-11-11 23:00:00,46.0,23.0,315.0,675.3845
2013-11-12 00:00:00,46.0,0.0,316.0,610.67084
2013-11-12 01:00:00,46.0,1.0,316.0,484.72684
2013-11-12 02:00:00,46.0,2.0,316.0,470.26126
2013-11-12 03:00:00,46.0,3.0,316.0,399.75037
2013-11-12 04:00:00,46.0,4.0,316.0,404.81827
2013-11-12 05:00:00,46.0,5.0,316.0,405.72803
2013-11-12 06:00:00,46.0,6.0,316.0,551.6275
2013-11-12 07:00:00,46.0,7.0,316.0,732.83966
2013-11-12 08:00:00,46.0,8.0,316.0,825.49115
2013-11-12 09:00:00,46.0,9.0,316.0,709.4391
2013-11-12 10:00:00,46.0,10.0,316.0,676.86365
2013-11-12 11:00:00,46.0,11.0,316.0,758.426
2013-11-12 12:00:00,46.0,12.0,316.0,779.93274
2013-11-12 13:00:00,46.0,13.0,316.0,738.18616
2013-11-12 14:00:00,46.0,14.0,316.0,793.6822
2013-11-12 15:00:00,46.0,15.0,316.0,768.6007
2013-11-12 16:00:00,46.0,16.0,316.0,809.6359
2013-11-12 17:00:00,46.0,17.0,316.0,770.27313
2013-11-12 18:00:00,46.0,18.0,316.0,857.69727
2013-11-12 19:00:00,46.0,19.0,316.0,930.225
2013-11-12 20:00:00,46.0,20.0,316.0,1019.53973
2013-11-12 21:00:00,46.0,21.0,316.0,911.19476
2013-11-12 22:00:00,46.0,22.0,316.0,753.98425
2013-11-12 23:00:00,46.0,23.0,316.0,736.7669
2013-11-13 00:00:00,46.0,0.0,317.0,602.7758
2013-11-13 01:00:00,46.0,1.0,317.0,477.27716
2013-11-13 02:00:00,46.0,2.0,317.0,468.93588
2013-11-13 03:00:00,46.0,3.0,317.0,388.47372
2013-11-13 04:00:00,46.0,4.0,317.0,409.83743
2013-11-13 05:00:00,46.0,5.0,317.0,417.7838
2013-11-13 06:00:00,46.0,6.0,317.0,594.742
2013-11-13 07:00:00,46.0,7.0,317.0,819.17346
2013-11-13 08:00:00,46.0,8.0,317.0,929.91235
2013-11-13 09:00:00,46.0,9.0,317.0,764.5048
2013-11-13 10:00:00,46.0,10.0,317.0,688.9026
2013-11-13 11:00:00,46.0,11.0,317.0,762.7919
2013-11-13 12:00:00,46.0,12.0,317.0,793.76044
2013-11-13 13:00:00,46.0,13.0,317.0,742.0809
2013-11-13 14:00:00,46.0,14.0,317.0,804.99615
2013-11-13 15:00:00,46.0,15.0,317.0,780.7502
2013-11-13 16:00:00,46.0,16.0,317.0,824.12775
2013-11-13 17:00:00,46.0,17.0,317.0,799.4554
2013-11-13 18:00:00,46.0,18.0,317.0,882.10016
2013-11-13 19:00:00,46.0,19.0,317.0,959.87787
2013-11-13 20:00:00,46.0,20.0,317.0,1043.7926
2013-11-13 21:00:00,46.0,21.0,317.0,947.57465
2013-11-13 22:00:00,46.0,22.0,317.0,767.0012
2013-11-13 23:00:00,46.0,23.0,317.0,738.3232
2013-11-14 00:00:00,46.0,0.0,318.0,598.6774
2013-11-14 01:00:00,46.0,1.0,318.0,487.35077
2013-11-14 02:00:00,46.0,2.0,318.0,480.7595
2013-11-14 03:00:00,46.0,3.0,318.0,388.7006
2013-11-14 04:00:00,46.0,4.0,318.0,414.09103
2013-11-14 05:00:00,46.0,5.0,318.0,424.99695
2013-11-14 06:00:00,46.0,6.0,318.0,611.64215
2013-11-14 07:00:00,46.0,7.0,318.0,845.87573
2013-11-14 08:00:00,46.0,8.0,318.0,949.5294
2013-11-14 09:00:00,46.0,9.0,318.0,773.76575
2013-11-14 10:00:00,46.0,10.0,318.0,648.316
2013-11-14 11:00:00,46.0,11.0,318.0,750.84186
2013-11-14 12:00:00,46.0,12.0,318.0,780.6787
2013-11-14 13:00:00,46.0,13.0,318.0,748.5207
2013-11-14 14:00:00,46.0,14.0,318.0,811.6273
2013-11-14 15:00:00,46.0,15.0,318.0,762.6718
2013-11-14 16:00:00,46.0,16.0,318.0,815.4939
2013-11-14 17:00:00,46.0,17.0,318.0,783.78015
2013-11-14 18:00:00,46.0,18.0,318.0,915.7149
2013-11-14 19:00:00,46.0,19.0,318.0,976.8081
2013-11-14 20:00:00,46.0,20.0,318.0,1054.5237
2013-11-14 21:00:00,46.0,21.0,318.0,951.98474
2013-11-14 22:00:00,46.0,22.0,318.0,756.70746
2013-11-14 23:00:00,46.0,23.0,318.0,749.41
2013-11-15 00:00:00,46.0,0.0,319.0,579.63354
2013-11-15 01:00:00,46.0,1.0,319.0,495.89557
2013-11-15 02:00:00,46.0,2.0,319.0,494.97165
2013-11-15 03:00:00,46.0,3.0,319.0,376.28522
2013-11-15 04:00:00,46.0,4.0,319.0,408.07538
2013-11-15 05:00:00,46.0,5.0,319.0,411.1428
2013-11-15 06:00:00,46.0,6.0,319.0,618.61694
2013-11-15 07:00:00,46.0,7.0,319.0,845.5938
2013-11-15 08:00:00,46.0,8.0,319.0,957.8858
2013-11-15 09:00:00,46.0,9.0,319.0,751.45074
2013-11-15 10:00:00,46.0,10.0,319.0,613.3987
2013-11-15 11:00:00,46.0,11.0,319.0,755.98157
2013-11-15 12:00:00,46.0,12.0,319.0,728.5408
2013-11-15 13:00:00,46.0,13.0,319.0,730.8473
2013-11-15 14:00:00,46.0,14.0,319.0,789.2977
2013-11-15 15:00:00,46.0,15.0,319.0,698.14386
2013-11-15 16:00:00,46.0,16.0,319.0,778.44415
2013-11-15 17:00:00,46.0,17.0,319.0,732.4457
2013-11-15 18:00:00,46.0,18.0,319.0,947.2022
2013-11-15 19:00:00,46.0,19.0,319.0,987.2738
2013-11-15 20:00:00,46.0,20.0,319.0,1068.5408
2013-11-15 21:00:00,46.0,21.0,319.0,932.5099
2013-11-15 22:00:00,46.0,22.0,319.0,770.6155
2013-11-15 23:00:00,46.0,23.0,319.0,793.15186
2013-11-16 00:00:00,46.0,0.0,320.0,563.58124
2013-11-16 01:00:00,46.0,1.0,320.0,472.88672
2013-11-16 02:00:00,46.0,2.0,320.0,456.20804
2013-11-16 03:00:00,46.0,3.0,320.0,342.5014
2013-11-16 04:00:00,46.0,4.0,320.0,364.40454
2013-11-16 05:00:00,46.0,5.0,320.0,353.80933
2013-11-16 06:00:00,46.0,6.0,320.0,577.96545
2013-11-16 07:00:00,46.0,7.0,320.0,736.81793
2013-11-16 08:00:00,46.0,8.0,320.0,919.24603
2013-11-16 09:00:00,46.0,9.0,320.0,700.4517
2013-11-16 10:00:00,46.0,10.0,320.0,615.3021
2013-11-16 11:00:00,46.0,11.0,320.0,798.4461
2013-11-16 12:00:00,46.0,12.0,320.0,712.9799
2013-11-16 13:00:00,46.0,13.0,320.0,734.3871
2013-11-16 14:00:00,46.0,14.0,320.0,803.3813
2013-11-16 15:00:00,46.0,15.0,320.0,694.39087
2013-11-16 16:00:00,46.0,16.0,320.0,748.22314
2013-11-16 17:00:00,46.0,17.0,320.0,688.5261
2013-11-16 18:00:00,46.0,18.0,320.0,899.18115
2013-11-16 19:00:00,46.0,19.0,320.0,908.492
2013-11-16 20:00:00,46.0,20.0,320.0,1034.8827
2013-11-16 21:00:00,46.0,21.0,320.0,898.1685
2013-11-16 22:00:00,46.0,22.0,320.0,783.9936
2013-11-16 23:00:00,46.0,23.0,320.0,796.6617
2013-11-17 00:00:00,46.0,0.0,321.0,638.31555
2013-11-17 01:00:00,46.0,1.0,321.0,495.83932
2013-11-17 02:00:00,46.0,2.0,321.0,452.35226
2013-11-17 03:00:00,46.0,3.0,321.0,347.0983
2013-11-17 04:00:00,46.0,4.0,321.0,329.85846
2013-11-17 05:00:00,46.0,5.0,321.0,309.56042
2013-11-17 06:00:00,46.0,6.0,321.0,379.54388
2013-11-17 07:00:00,46.0,7.0,321.0,432.72086
2013-11-17 08:00:00,46.0,8.0,321.0,685.5714
2013-11-17 09:00:00,46.0,9.0,321.0,587.9316
2013-11-17 10:00:00,46.0,10.0,321.0,558.4351
2013-11-17 11:00:00,46.0,11.0,321.0,740.3079
2013-11-17 12:00:00,46.0,12.0,321.0,713.5693
2013-11-17 13:00:00,46.0,13.0,321.0,830.43024
2013-11-17 14:00:00,46.0,14.0,321.0,879.70184
2013-11-17 15:00:00,46.0,15.0,321.0,813.42883
2013-11-17 16:00:00,46.0,16.0,321.0,792.494
2013-11-17 17:00:00,46.0,17.0,321.0,785.67145
2013-11-17 18:00:00,46.0,18.0,321.0,884.84357
2013-11-17 19:00:00,46.0,19.0,321.0,913.24445
2013-11-17 20:00:00,46.0,20.0,321.0,1036.0066
2013-11-17 21:00:00,46.0,21.0,321.0,893.45807
2013-11-17 22:00:00,46.0,22.0,321.0,703.3081
2013-11-17 23:00:00,46.0,23.0,321.0,699.5159
2013-11-18 00:00:00,47.0,0.0,322.0,564.8555
2013-11-18 01:00:00,47.0,1.0,322.0,396.23843
2013-11-18 02:00:00,47.0,2.0,322.0,382.03156
2013-11-18 03:00:00,47.0,3.0,322.0,339.81015
2013-11-18 04:00:00,47.0,4.0,322.0,315.73972
2013-11-18 05:00:00,47.0,5.0,322.0,336.9111
2013-11-18 06:00:00,47.0,6.0,322.0,458.25034
2013-11-18 07:00:00,47.0,7.0,322.0,614.11523
2013-11-18 08:00:00,47.0,8.0,322.0,714.03546
2013-11-18 09:00:00,47.0,9.0,322.0,735.21313
2013-11-18 10:00:00,47.0,10.0,322.0,683.12384
2013-11-18 11:00:00,47.0,11.0,322.0,702.46014
2013-11-18 12:00:00,47.0,12.0,322.0,754.2298
2013-11-18 13:00:00,47.0,13.0,322.0,730.41455
2013-11-18 14:00:00,47.0,14.0,322.0,781.31757
2013-11-18 15:00:00,47.0,15.0,322.0,781.088
2013-11-18 16:00:00,47.0,16.0,322.0,784.13696
2013-11-18 17:00:00,47.0,17.0,322.0,741.7141
2013-11-18 18:00:00,47.0,18.0,322.0,820.84546
2013-11-18 19:00:00,47.0,19.0,322.0,829.9262
2013-11-18 20:00:00,47.0,20.0,322.0,926.0235
2013-11-18 21:00:00,47.0,21.0,322.0,877.2716
2013-11-18 22:00:00,47.0,22.0,322.0,725.711
2013-11-18 23:00:00,47.0,23.0,322.0,674.0028
2013-11-19 00:00:00,47.0,0.0,323.0,591.6825
2013-11-19 01:00:00,47.0,1.0,323.0,475.11163
2013-11-19 02:00:00,47.0,2.0,323.0,467.9776
2013-11-19 03:00:00,47.0,3.0,323.0,393.3877
2013-11-19 04:00:00,47.0,4.0,323.0,400.02533
2013-11-19 05:00:00,47.0,5.0,323.0,382.31415
2013-11-19 06:00:00,47.0,6.0,323.0,552.4606
2013-11-19 07:00:00,47.0,7.0,323.0,744.7
2013-11-19 08:00:00,47.0,8.0,323.0,840.8176
2013-11-19 09:00:00,47.0,9.0,323.0,714.496
2013-11-19 10:00:00,47.0,10.0,323.0,656.3615
2013-11-19 11:00:00,47.0,11.0,323.0,757.4098
2013-11-19 12:00:00,47.0,12.0,323.0,797.9072
2013-11-19 13:00:00,47.0,13.0,323.0,750.60504
2013-11-19 14:00:00,47.0,14.0,323.0,806.1685
2013-11-19 15:00:00,47.0,15.0,323.0,775.3845
2013-11-19 16:00:00,47.0,16.0,323.0,815.39764
2013-11-19 17:00:00,47.0,17.0,323.0,766.39923
2013-11-19 18:00:00,47.0,18.0,323.0,874.7872
2013-11-19 19:00:00,47.0,19.0,323.0,934.5602
2013-11-19 20:00:00,47.0,20.0,323.0,1023.847
2013-11-19 21:00:00,47.0,21.0,323.0,923.5489
2013-11-19 22:00:00,47.0,22.0,323.0,744.9955
2013-11-19 23:00:00,47.0,23.0,323.0,726.87866
2013-11-20 00:00:00,47.0,0.0,324.0,599.9309
2013-11-20 01:00:00,47.0,1.0,324.0,472.15063
2013-11-20 02:00:00,47.0,2.0,324.0,470.61926
2013-11-20 03:00:00,47.0,3.0,324.0,381.7272
2013-11-20 04:00:00,47.0,4.0,324.0,404.87885
2013-11-20 05:00:00,47.0,5.0,324.0,404.07166
2013-11-20 06:00:00,47.0,6.0,324.0,609.3123
2013-11-20 07:00:00,47.0,7.0,324.0,838.20276
2013-11-20 08:00:00,47.0,8.0,324.0,940.7232
2013-11-20 09:00:00,47.0,9.0,324.0,771.95135
2013-11-20 10:00:00,47.0,10.0,324.0,681.2223
2013-11-20 11:00:00,47.0,11.0,324.0,763.36066
2013-11-20 12:00:00,47.0,12.0,324.0,799.87054
2013-11-20 13:00:00,47.0,13.0,324.0,741.8178
2013-11-20 14:00:00,47.0,14.0,324.0,805.8884
2013-11-20 15:00:00,47.0,15.0,324.0,769.00604
2013-11-20 16:00:00,47.0,16.0,324.0,817.1238
2013-11-20 17:00:00,47.0,17.0,324.0,780.1528
2013-11-20 18:00:00,47.0,18.0,324.0,904.82355
2013-11-20 19:00:00,47.0,19.0,324.0,973.7188
2013-11-20 20:00:00,47.0,20.0,324.0,1053.93
2013-11-20 21:00:00,47.0,21.0,324.0,957.0801
2013-11-20 22:00:00,47.0,22.0,324.0,764.4983
2013-11-20 23:00:00,47.0,23.0,324.0,734.0385
2013-11-21 00:00:00,47.0,0.0,325.0,604.6801
2013-11-21 01:00:00,47.0,1.0,325.0,496.11575
2013-11-21 02:00:00,47.0,2.0,325.0,492.70578
2013-11-21 03:00:00,47.0,3.0,325.0,393.20554
2013-11-21 04:00:00,47.0,4.0,325.0,416.17896
2013-11-21 05:00:00,47.0,5.0,325.0,421.0392
2013-11-21 06:00:00,47.0,6.0,325.0,615.5464
2013-11-21 07:00:00,47.0,7.0,325.0,862.8532
2013-11-21 08:00:00,47.0,8.0,325.0,967.0926
2013-11-21 09:00:00,47.0,9.0,325.0,795.06213
2013-11-21 10:00:00,47.0,10.0,325.0,654.22516
2013-11-21 11:00:00,47.0,11.0,325.0,746.6276
2013-11-21 12:00:00,47.0,12.0,325.0,773.91113
2013-11-21 13:00:00,47.0,13.0,325.0,745.0922
2013-11-21 14:00:00,47.0,14.0,325.0,790.2916
2013-11-21 15:00:00,47.0,15.0,325.0,733.14514
2013-11-21 16:00:00,47.0,16.0,325.0,786.03644
2013-11-21 17:00:00,47.0,17.0,325.0,751.03265
2013-11-21 18:00:00,47.0,18.0,325.0,922.74274
2013-11-21 19:00:00,47.0,19.0,325.0,995.64746
2013-11-21 20:00:00,47.0,20.0,325.0,1072.061
2013-11-21 21:00:00,47.0,21.0,325.0,959.82184
2013-11-21 22:00:00,47.0,22.0,325.0,749.3899
2013-11-21 23:00:00,47.0,23.0,325.0,748.8863
2013-11-22 00:00:00,47.0,0.0,326.0,582.8683
2013-11-22 01:00:00,47.0,1.0,326.0,507.98364
2013-11-22 02:00:00,47.0,2.0,326.0,503.84177
2013-11-22 03:00:00,47.0,3.0,326.0,379.75436
2013-11-22 04:00:00,47.0,4.0,326.0,412.20547
2013-11-22 05:00:00,47.0,5.0,326.0,409.1879
2013-11-22 06:00:00,47.0,6.0,326.0,651.8293
2013-11-22 07:00:00,47.0,7.0,326.0,883.12744
2013-11-22 08:00:00,47.0,8.0,326.0,990.0572
2013-11-22 09:00:00,47.0,9.0,326.0,777.79004
2013-11-22 10:00:00,47.0,10.0,326.0,619.2068
2013-11-22 11:00:00,47.0,11.0,326.0,768.7011
2013-11-22 12:00:00,47.0,12.0,326.0,720.1005
2013-11-22 13:00:00,47.0,13.0,326.0,727.5981
2013-11-22 14:00:00,47.0,14.0,326.0,774.1937
2013-11-22 15:00:00,47.0,15.0,326.0,664.60114
2013-11-22 16:00:00,47.0,16.0,326.0,732.8541
2013-11-22 17:00:00,47.0,17.0,326.0,692.29956
2013-11-22 18:00:00,47.0,18.0,326.0,935.26166
2013-11-22 19:00:00,47.0,19.0,326.0,991.5063
2013-11-22 20:00:00,47.0,20.0,326.0,1075.7837
2013-11-22 21:00:00,47.0,21.0,326.0,930.1975
2013-11-22 22:00:00,47.0,22.0,326.0,768.76044
2013-11-22 23:00:00,47.0,23.0,326.0,795.3147
2013-11-23 00:00:00,47.0,0.0,327.0,575.19104
2013-11-23 01:00:00,47.0,1.0,327.0,491.76392
2013-11-23 02:00:00,47.0,2.0,327.0,468.95645
2013-11-23 03:00:00,47.0,3.0,327.0,349.1854
2013-11-23 04:00:00,47.0,4.0,327.0,366.43835
2013-11-23 05:00:00,47.0,5.0,327.0,354.40503
2013-11-23 06:00:00,47.0,6.0,327.0,586.0902
2013-11-23 07:00:00,47.0,7.0,327.0,745.12964
2013-11-23 08:00:00,47.0,8.0,327.0,933.2624
2013-11-23 09:00:00,47.0,9.0,327.0,713.25256
2013-11-23 10:00:00,47.0,10.0,327.0,614.7845
2013-11-23 11:00:00,47.0,11.0,327.0,795.78827
2013-11-23 12:00:00,47.0,12.0,327.0,701.8238
2013-11-23 13:00:00,47.0,13.0,327.0,727.21484
2013-11-23 14:00:00,47.0,14.0,327.0,784.70605
2013-11-23 15:00:00,47.0,15.0,327.0,666.44476
2013-11-23 16:00:00,47.0,16.0,327.0,702.0223
2013-11-23 17:00:00,47.0,17.0,327.0,643.52167
2013-11-23 18:00:00,47.0,18.0,327.0,860.64056
2013-11-23 19:00:00,47.0,19.0,327.0,887.30927
2013-11-23 20:00:00,47.0,20.0,327.0,1021.93353
2013-11-23 21:00:00,47.0,21.0,327.0,867.5345
2013-11-23 22:00:00,47.0,22.0,327.0,757.4046
2013-11-23 23:00:00,47.0,23.0,327.0,781.51904
2013-11-24 00:00:00,47.0,0.0,328.0,668.3646
2013-11-24 01:00:00,47.0,1.0,328.0,544.0321
2013-11-24 02:00:00,47.0,2.0,328.0,492.8269
2013-11-24 03:00:00,47.0,3.0,328.0,380.07407
2013-11-24 04:00:00,47.0,4.0,328.0,353.3509
2013-11-24 05:00:00,47.0,5.0,328.0,329.1995
2013-11-24 06:00:00,47.0,6.0,328.0,388.2425
2013-11-24 07:00:00,47.0,7.0,328.0,439.23087
2013-11-24 08:00:00,47.0,8.0,328.0,701.235
2013-11-24 09:00:00,47.0,9.0,328.0,605.5758
2013-11-24 10:00:00,47.0,10.0,328.0,559.36475
2013-11-24 11:00:00,47.0,11.0,328.0,720.6887
2013-11-24 12:00:00,47.0,12.0,328.0,713.8302
2013-11-24 13:00:00,47.0,13.0,328.0,815.7603
2013-11-24 14:00:00,47.0,14.0,328.0,863.1659
2013-11-24 15:00:00,47.0,15.0,328.0,785.41986
2013-11-24 16:00:00,47.0,16.0,328.0,752.05554
2013-11-24 17:00:00,47.0,17.0,328.0,754.8292
2013-11-24 18:00:00,47.0,18.0,328.0,838.24133
2013-11-24 19:00:00,47.0,19.0,328.0,878.13385
2013-11-24 20:00:00,47.0,20.0,328.0,1006.51697
2013-11-24 21:00:00,47.0,21.0,328.0,867.6732
2013-11-24 22:00:00,47.0,22.0,328.0,669.5155
2013-11-24 23:00:00,47.0,23.0,328.0,659.2198
2013-11-25 00:00:00,48.0,0.0,329.0,582.6035
2013-11-25 01:00:00,48.0,1.0,329.0,451.78784
2013-11-25 02:00:00,48.0,2.0,329.0,387.72504
2013-11-25 03:00:00,48.0,3.0,329.0,335.171
2013-11-25 04:00:00,48.0,4.0,329.0,310.52
2013-11-25 05:00:00,48.0,5.0,329.0,339.04312
2013-11-25 06:00:00,48.0,6.0,329.0,487.79343
2013-11-25 07:00:00,48.0,7.0,329.0,687.5152
2013-11-25 08:00:00,48.0,8.0,329.0,774.72345
2013-11-25 09:00:00,48.0,9.0,329.0,723.2559
2013-11-25 10:00:00,48.0,10.0,329.0,652.969
2013-11-25 11:00:00,48.0,11.0,329.0,699.38477
2013-11-25 12:00:00,48.0,12.0,329.0,784.12463
2013-11-25 13:00:00,48.0,13.0,329.0,759.0538
2013-11-25 14:00:00,48.0,14.0,329.0,789.76227
2013-11-25 15:00:00,48.0,15.0,329.0,762.28
2013-11-25 16:00:00,48.0,16.0,329.0,773.94727
2013-11-25 17:00:00,48.0,17.0,329.0,740.0719
2013-11-25 18:00:00,48.0,18.0,329.0,814.65875
2013-11-25 19:00:00,48.0,19.0,329.0,865.1026
2013-11-25 20:00:00,48.0,20.0,329.0,967.9023
2013-11-25 21:00:00,48.0,21.0,329.0,882.0461
2013-11-25 22:00:00,48.0,22.0,329.0,747.1247
2013-11-25 23:00:00,48.0,23.0,329.0,673.6206
2013-11-26 00:00:00,48.0,0.0,330.0,585.62756
2013-11-26 01:00:00,48.0,1.0,330.0,476.25143
2013-11-26 02:00:00,48.0,2.0,330.0,439.8982
2013-11-26 03:00:00,48.0,3.0,330.0,353.86514
2013-11-26 04:00:00,48.0,4.0,330.0,364.47083
2013-11-26 05:00:00,48.0,5.0,330.0,371.3333
2013-11-26 06:00:00,48.0,6.0,330.0,552.30597
2013-11-26 07:00:00,48.0,7.0,330.0,788.85284
2013-11-26 08:00:00,48.0,8.0,330.0,889.05695
2013-11-26 09:00:00,48.0,9.0,330.0,713.23584
2013-11-26 10:00:00,48.0,10.0,330.0,672.90173
2013-11-26 11:00:00,48.0,11.0,330.0,756.5865
2013-11-26 12:00:00,48.0,12.0,330.0,805.78436
2013-11-26 13:00:00,48.0,13.0,330.0,774.86786
2013-11-26 14:00:00,48.0,14.0,330.0,822.7698
2013-11-26 15:00:00,48.0,15.0,330.0,793.1552
2013-11-26 16:00:00,48.0,16.0,330.0,832.04877
2013-11-26 17:00:00,48.0,17.0,330.0,800.45715
2013-11-26 18:00:00,48.0,18.0,330.0,892.82745
2013-11-26 19:00:00,48.0,19.0,330.0,970.9039
2013-11-26 20:00:00,48.0,20.0,330.0,1059.4581
2013-11-26 21:00:00,48.0,21.0,330.0,949.9444
2013-11-26 22:00:00,48.0,22.0,330.0,782.85
2013-11-26 23:00:00,48.0,23.0,330.0,721.9127
2013-11-27 00:00:00,48.0,0.0,331.0,591.5641
2013-11-27 01:00:00,48.0,1.0,331.0,464.41827
2013-11-27 02:00:00,48.0,2.0,331.0,440.6489
2013-11-27 03:00:00,48.0,3.0,331.0,350.49197
2013-11-27 04:00:00,48.0,4.0,331.0,364.44647
2013-11-27 05:00:00,48.0,5.0,331.0,381.16455
2013-11-27 06:00:00,48.0,6.0,331.0,574.395
2013-11-27 07:00:00,48.0,7.0,331.0,844.1347
2013-11-27 08:00:00,48.0,8.0,331.0,955.6994
2013-11-27 09:00:00,48.0,9.0,331.0,770.7841
2013-11-27 10:00:00,48.0,10.0,331.0,690.0788
2013-11-27 11:00:00,48.0,11.0,331.0,756.8172
2013-11-27 12:00:00,48.0,12.0,331.0,809.21716
2013-11-27 13:00:00,48.0,13.0,331.0,779.54736
2013-11-27 14:00:00,48.0,14.0,331.0,828.0528
2013-11-27 15:00:00,48.0,15.0,331.0,796.1238
2013-11-27 16:00:00,48.0,16.0,331.0,831.72217
2013-11-27 17:00:00,48.0,17.0,331.0,810.0011
2013-11-27 18:00:00,48.0,18.0,331.0,924.5414
2013-11-27 19:00:00,48.0,19.0,331.0,997.5111
2013-11-27 20:00:00,48.0,20.0,331.0,1073.8983
2013-11-27 21:00:00,48.0,21.0,331.0,976.31256
2013-11-27 22:00:00,48.0,22.0,331.0,787.9849
2013-11-27 23:00:00,48.0,23.0,331.0,731.18
2013-11-28 00:00:00,48.0,0.0,332.0,580.9282
2013-11-28 01:00:00,48.0,1.0,332.0,486.69238
2013-11-28 02:00:00,48.0,2.0,332.0,462.8366
2013-11-28 03:00:00,48.0,3.0,332.0,358.2833
2013-11-28 04:00:00,48.0,4.0,332.0,377.84622
2013-11-28 05:00:00,48.0,5.0,332.0,392.0325
2013-11-28 06:00:00,48.0,6.0,332.0,594.4425
2013-11-28 07:00:00,48.0,7.0,332.0,875.4815
2013-11-28 08:00:00,48.0,8.0,332.0,980.5393
2013-11-28 09:00:00,48.0,9.0,332.0,779.0762
2013-11-28 10:00:00,48.0,10.0,332.0,642.4326
2013-11-28 11:00:00,48.0,11.0,332.0,744.32666
2013-11-28 12:00:00,48.0,12.0,332.0,771.1534
2013-11-28 13:00:00,48.0,13.0,332.0,768.46045
2013-11-28 14:00:00,48.0,14.0,332.0,813.00085
2013-11-28 15:00:00,48.0,15.0,332.0,736.4344
2013-11-28 16:00:00,48.0,16.0,332.0,794.4715
2013-11-28 17:00:00,48.0,17.0,332.0,761.7743
2013-11-28 18:00:00,48.0,18.0,332.0,959.85114
2013-11-28 19:00:00,48.0,19.0,332.0,1026.3145
2013-11-28 20:00:00,48.0,20.0,332.0,1090.3223
2013-11-28 21:00:00,48.0,21.0,332.0,972.81244
2013-11-28 22:00:00,48.0,22.0,332.0,772.29724
2013-11-28 23:00:00,48.0,23.0,332.0,769.0019
2013-11-29 00:00:00,48.0,0.0,333.0,559.63
2013-11-29 01:00:00,48.0,1.0,333.0,494.69516
2013-11-29 02:00:00,48.0,2.0,333.0,472.4716
2013-11-29 03:00:00,48.0,3.0,333.0,344.89752
2013-11-29 04:00:00,48.0,4.0,333.0,372.32092
2013-11-29 05:00:00,48.0,5.0,333.0,377.25018
2013-11-29 06:00:00,48.0,6.0,333.0,625.2845
2013-11-29 07:00:00,48.0,7.0,333.0,891.11566
2013-11-29 08:00:00,48.0,8.0,333.0,1004.1383
2013-11-29 09:00:00,48.0,9.0,333.0,760.7816
2013-11-29 10:00:00,48.0,10.0,333.0,608.01843
2013-11-29 11:00:00,48.0,11.0,333.0,775.9823
2013-11-29 12:00:00,48.0,12.0,333.0,724.6177
2013-11-29 13:00:00,48.0,13.0,333.0,760.2836
2013-11-29 14:00:00,48.0,14.0,333.0,801.99835
2013-11-29 15:00:00,48.0,15.0,333.0,680.69525
2013-11-29 16:00:00,48.0,16.0,333.0,741.229
2013-11-29 17:00:00,48.0,17.0,333.0,712.3057
2013-11-29 18:00:00,48.0,18.0,333.0,974.4269
2013-11-29 19:00:00,48.0,19.0,333.0,1021.7028
2013-11-29 20:00:00,48.0,20.0,333.0,1096.793
2013-11-29 21:00:00,48.0,21.0,333.0,960.2991
2013-11-29 22:00:00,48.0,22.0,333.0,800.6731
2013-11-29 23:00:00,48.0,23.0,333.0,806.93396
2013-11-30 00:00:00,48.0,0.0,334.0,562.3692
2013-11-30 01:00:00,48.0,1.0,334.0,474.16693
2013-11-30 02:00:00,48.0,2.0,334.0,435.02048
2013-11-30 03:00:00,48.0,3.0,334.0,314.3918
2013-11-30 04:00:00,48.0,4.0,334.0,321.24686
2013-11-30 05:00:00,48.0,5.0,334.0,317.0644
2013-11-30 06:00:00,48.0,6.0,334.0,531.02625
2013-11-30 07:00:00,48.0,7.0,334.0,703.2955
2013-11-30 08:00:00,48.0,8.0,334.0,915.55304
2013-11-30 09:00:00,48.0,9.0,334.0,692.65155
2013-11-30 10:00:00,48.0,10.0,334.0,605.9891
2013-11-30 11:00:00,48.0,11.0,334.0,797.7231
2013-11-30 12:00:00,48.0,12.0,334.0,718.65533
2013-11-30 13:00:00,48.0,13.0,334.0,788.65533
2013-11-30 14:00:00,48.0,14.0,334.0,837.19116
2013-11-30 15:00:00,48.0,15.0,334.0,716.49005
2013-11-30 16:00:00,48.0,16.0,334.0,737.05695
2013-11-30 17:00:00,48.0,17.0,334.0,681.81866
2013-11-30 18:00:00,48.0,18.0,334.0,896.9051
2013-11-30 19:00:00,48.0,19.0,334.0,927.5237
2013-11-30 20:00:00,48.0,20.0,334.0,1060.7844
2013-11-30 21:00:00,48.0,21.0,334.0,912.7105
2013-11-30 22:00:00,48.0,22.0,334.0,781.25507
2013-11-30 23:00:00,48.0,23.0,334.0,774.5785
2013-12-01 00:00:00,48.0,0.0,335.0,679.58905
2013-12-01 01:00:00,48.0,1.0,335.0,528.7511
2013-12-01 02:00:00,48.0,2.0,335.0,449.64236
2013-12-01 03:00:00,48.0,3.0,335.0,330.83316
2013-12-01 04:00:00,48.0,4.0,335.0,300.7137
2013-12-01 05:00:00,48.0,5.0,335.0,281.726
2013-12-01 06:00:00,48.0,6.0,335.0,321.10754
2013-12-01 07:00:00,48.0,7.0,335.0,374.71622
2013-12-01 08:00:00,48.0,8.0,335.0,654.4791
2013-12-01 09:00:00,48.0,9.0,335.0,571.9828
2013-12-01 10:00:00,48.0,10.0,335.0,528.71063
2013-12-01 11:00:00,48.0,11.0,335.0,707.5753
2013-12-01 12:00:00,48.0,12.0,335.0,761.09924
2013-12-01 13:00:00,48.0,13.0,335.0,891.34375
2013-12-01 14:00:00,48.0,14.0,335.0,945.4859
2013-12-01 15:00:00,48.0,15.0,335.0,870.66486
2013-12-01 16:00:00,48.0,16.0,335.0,819.9786
2013-12-01 17:00:00,48.0,17.0,335.0,849.6032
2013-12-01 18:00:00,48.0,18.0,335.0,915.2647
2013-12-01 19:00:00,48.0,19.0,335.0,959.106
2013-12-01 20:00:00,48.0,20.0,335.0,1091.2771
2013-12-01 21:00:00,48.0,21.0,335.0,938.3905
2013-12-01 22:00:00,48.0,22.0,335.0,708.5069
2013-12-01 23:00:00,48.0,23.0,335.0,663.9266
2013-12-02 00:00:00,49.0,0.0,336.0,558.23737
2013-12-02 01:00:00,49.0,1.0,336.0,439.20352
2013-12-02 02:00:00,49.0,2.0,336.0,386.36646
2013-12-02 03:00:00,49.0,3.0,336.0,329.6251
2013-12-02 04:00:00,49.0,4.0,336.0,327.61588
2013-12-02 05:00:00,49.0,5.0,336.0,340.50046
2013-12-02 06:00:00,49.0,6.0,336.0,473.56433
2013-12-02 07:00:00,49.0,7.0,336.0,717.37714
2013-12-02 08:00:00,49.0,8.0,336.0,777.9029
2013-12-02 09:00:00,49.0,9.0,336.0,699.9824
2013-12-02 10:00:00,49.0,10.0,336.0,668.8516
2013-12-02 11:00:00,49.0,11.0,336.0,740.4687
2013-12-02 12:00:00,49.0,12.0,336.0,775.49335
2013-12-02 13:00:00,49.0,13.0,336.0,750.15894
2013-12-02 14:00:00,49.0,14.0,336.0,792.3908
2013-12-02 15:00:00,49.0,15.0,336.0,749.99506
2013-12-02 16:00:00,49.0,16.0,336.0,771.09174
2013-12-02 17:00:00,49.0,17.0,336.0,754.9395
2013-12-02 18:00:00,49.0,18.0,336.0,840.1176
2013-12-02 19:00:00,49.0,19.0,336.0,907.5951
2013-12-02 20:00:00,49.0,20.0,336.0,985.9987
2013-12-02 21:00:00,49.0,21.0,336.0,890.7178
2013-12-02 22:00:00,49.0,22.0,336.0,776.0445
2013-12-02 23:00:00,49.0,23.0,336.0,685.7873
2013-12-03 00:00:00,49.0,0.0,337.0,590.4761
2013-12-03 01:00:00,49.0,1.0,337.0,478.34363
2013-12-03 02:00:00,49.0,2.0,337.0,439.41162
2013-12-03 03:00:00,49.0,3.0,337.0,354.80667
2013-12-03 04:00:00,49.0,4.0,337.0,363.19174
2013-12-03 05:00:00,49.0,5.0,337.0,372.7496
2013-12-03 06:00:00,49.0,6.0,337.0,551.6593
2013-12-03 07:00:00,49.0,7.0,337.0,804.1317
2013-12-03 08:00:00,49.0,8.0,337.0,896.2572
2013-12-03 09:00:00,49.0,9.0,337.0,733.1789
2013-12-03 10:00:00,49.0,10.0,337.0,704.47894
2013-12-03 11:00:00,49.0,11.0,337.0,774.0791
2013-12-03 12:00:00,49.0,12.0,337.0,810.55524
2013-12-03 13:00:00,49.0,13.0,337.0,779.8788
2013-12-03 14:00:00,49.0,14.0,337.0,821.1587
2013-12-03 15:00:00,49.0,15.0,337.0,784.0841
2013-12-03 16:00:00,49.0,16.0,337.0,819.80096
2013-12-03 17:00:00,49.0,17.0,337.0,809.8901
2013-12-03 18:00:00,49.0,18.0,337.0,909.5415
2013-12-03 19:00:00,49.0,19.0,337.0,995.41016
2013-12-03 20:00:00,49.0,20.0,337.0,1072.0859
2013-12-03 21:00:00,49.0,21.0,337.0,960.8538
2013-12-03 22:00:00,49.0,22.0,337.0,797.87634
2013-12-03 23:00:00,49.0,23.0,337.0,724.4577
2013-12-04 00:00:00,49.0,0.0,338.0,597.43896
2013-12-04 01:00:00,49.0,1.0,338.0,474.65842
2013-12-04 02:00:00,49.0,2.0,338.0,441.088
2013-12-04 03:00:00,49.0,3.0,338.0,349.85327
2013-12-04 04:00:00,49.0,4.0,338.0,360.96692
2013-12-04 05:00:00,49.0,5.0,338.0,385.32684
2013-12-04 06:00:00,49.0,6.0,338.0,587.00934
2013-12-04 07:00:00,49.0,7.0,338.0,876.2076
2013-12-04 08:00:00,49.0,8.0,338.0,979.0327
2013-12-04 09:00:00,49.0,9.0,338.0,791.3619
2013-12-04 10:00:00,49.0,10.0,338.0,711.51843
2013-12-04 11:00:00,49.0,11.0,338.0,758.432
2013-12-04 12:00:00,49.0,12.0,338.0,817.00574
2013-12-04 13:00:00,49.0,13.0,338.0,778.61206
2013-12-04 14:00:00,49.0,14.0,338.0,821.634
2013-12-04 15:00:00,49.0,15.0,338.0,778.51917
2013-12-04 16:00:00,49.0,16.0,338.0,810.9035
2013-12-04 17:00:00,49.0,17.0,338.0,799.294
2013-12-04 18:00:00,49.0,18.0,338.0,930.674
2013-12-04 19:00:00,49.0,19.0,338.0,1010.14856
2013-12-04 20:00:00,49.0,20.0,338.0,1086.018
2013-12-04 21:00:00,49.0,21.0,338.0,986.77136
2013-12-04 22:00:00,49.0,22.0,338.0,796.2033
2013-12-04 23:00:00,49.0,23.0,338.0,729.6168
2013-12-05 00:00:00,49.0,0.0,339.0,592.1206
2013-12-05 01:00:00,49.0,1.0,339.0,499.07867
2013-12-05 02:00:00,49.0,2.0,339.0,468.52277
2013-12-05 03:00:00,49.0,3.0,339.0,357.33163
2013-12-05 04:00:00,49.0,4.0,339.0,372.22717
2013-12-05 05:00:00,49.0,5.0,339.0,393.3349
2013-12-05 06:00:00,49.0,6.0,339.0,602.594
2013-12-05 07:00:00,49.0,7.0,339.0,895.7883
2013-12-05 08:00:00,49.0,8.0,339.0,997.65765
2013-12-05 09:00:00,49.0,9.0,339.0,799.1926
2013-12-05 10:00:00,49.0,10.0,339.0,658.6888
2013-12-05 11:00:00,49.0,11.0,339.0,744.7159
2013-12-05 12:00:00,49.0,12.0,339.0,768.3481
2013-12-05 13:00:00,49.0,13.0,339.0,774.99805
2013-12-05 14:00:00,49.0,14.0,339.0,805.4205
2013-12-05 15:00:00,49.0,15.0,339.0,718.5438
2013-12-05 16:00:00,49.0,16.0,339.0,773.0036
2013-12-05 17:00:00,49.0,17.0,339.0,747.61816
2013-12-05 18:00:00,49.0,18.0,339.0,966.6084
2013-12-05 19:00:00,49.0,19.0,339.0,1037.2766
2013-12-05 20:00:00,49.0,20.0,339.0,1101.5198
2013-12-05 21:00:00,49.0,21.0,339.0,979.54425
2013-12-05 22:00:00,49.0,22.0,339.0,772.9701
2013-12-05 23:00:00,49.0,23.0,339.0,766.6117
2013-12-06 00:00:00,49.0,0.0,340.0,559.31573
2013-12-06 01:00:00,49.0,1.0,340.0,505.3668
2013-12-06 02:00:00,49.0,2.0,340.0,474.03958
2013-12-06 03:00:00,49.0,3.0,340.0,341.27188
2013-12-06 04:00:00,49.0,4.0,340.0,367.94144
2013-12-06 05:00:00,49.0,5.0,340.0,374.35696
2013-12-06 06:00:00,49.0,6.0,340.0,641.51245
2013-12-06 07:00:00,49.0,7.0,340.0,909.166
2013-12-06 08:00:00,49.0,8.0,340.0,1021.15344
2013-12-06 09:00:00,49.0,9.0,340.0,775.2887
2013-12-06 10:00:00,49.0,10.0,340.0,619.6102
2013-12-06 11:00:00,49.0,11.0,340.0,778.1088
2013-12-06 12:00:00,49.0,12.0,340.0,724.5586
2013-12-06 13:00:00,49.0,13.0,340.0,765.4996
2013-12-06 14:00:00,49.0,14.0,340.0,790.13934
2013-12-06 15:00:00,49.0,15.0,340.0,666.0268
2013-12-06 16:00:00,49.0,16.0,340.0,719.01227
2013-12-06 17:00:00,49.0,17.0,340.0,689.9159
2013-12-06 18:00:00,49.0,18.0,340.0,962.1864
2013-12-06 19:00:00,49.0,19.0,340.0,1024.2957
2013-12-06 20:00:00,49.0,20.0,340.0,1104.0369
2013-12-06 21:00:00,49.0,21.0,340.0,962.6515
2013-12-06 22:00:00,49.0,22.0,340.0,793.4665
2013-12-06 23:00:00,49.0,23.0,340.0,802.54626
2013-12-07 00:00:00,49.0,0.0,341.0,570.6919
2013-12-07 01:00:00,49.0,1.0,341.0,487.36566
2013-12-07 02:00:00,49.0,2.0,341.0,438.33554
2013-12-07 03:00:00,49.0,3.0,341.0,316.09885
2013-12-07 04:00:00,49.0,4.0,341.0,320.28796
2013-12-07 05:00:00,49.0,5.0,341.0,317.47357
2013-12-07 06:00:00,49.0,6.0,341.0,530.4983
2013-12-07 07:00:00,49.0,7.0,341.0,709.2209
2013-12-07 08:00:00,49.0,8.0,341.0,926.70233
2013-12-07 09:00:00,49.0,9.0,341.0,703.9727
2013-12-07 10:00:00,49.0,10.0,341.0,610.3253
2013-12-07 11:00:00,49.0,11.0,341.0,791.36816
2013-12-07 12:00:00,49.0,12.0,341.0,719.53754
2013-12-07 13:00:00,49.0,13.0,341.0,794.71515
2013-12-07 14:00:00,49.0,14.0,341.0,833.9304
2013-12-07 15:00:00,49.0,15.0,341.0,706.8996
2013-12-07 16:00:00,49.0,16.0,341.0,720.24115
2013-12-07 17:00:00,49.0,17.0,341.0,669.4554
2013-12-07 18:00:00,49.0,18.0,341.0,892.3765
2013-12-07 19:00:00,49.0,19.0,341.0,934.7102
2013-12-07 20:00:00,49.0,20.0,341.0,1068.2059
2013-12-07 21:00:00,49.0,21.0,341.0,914.2028
2013-12-07 22:00:00,49.0,22.0,341.0,767.9879
2013-12-07 23:00:00,49.0,23.0,341.0,767.36993
2013-12-08 00:00:00,49.0,0.0,342.0,698.0849
2013-12-08 01:00:00,49.0,1.0,342.0,539.8048
2013-12-08 02:00:00,49.0,2.0,342.0,461.88364
2013-12-08 03:00:00,49.0,3.0,342.0,332.38632
2013-12-08 04:00:00,49.0,4.0,342.0,298.47498
2013-12-08 05:00:00,49.0,5.0,342.0,284.08566
2013-12-08 06:00:00,49.0,6.0,342.0,315.37512
2013-12-08 07:00:00,49.0,7.0,342.0,370.02164
2013-12-08 08:00:00,49.0,8.0,342.0,663.85144
2013-12-08 09:00:00,49.0,9.0,342.0,581.4227
2013-12-08 10:00:00,49.0,10.0,342.0,538.3353
2013-12-08 11:00:00,49.0,11.0,342.0,692.249
2013-12-08 12:00:00,49.0,12.0,342.0,767.26404
2013-12-08 13:00:00,49.0,13.0,342.0,884.7122
2013-12-08 14:00:00,49.0,14.0,342.0,939.98773
2013-12-08 15:00:00,49.0,15.0,342.0,857.1201
2013-12-08 16:00:00,49.0,16.0,342.0,791.73505
2013-12-08 17:00:00,49.0,17.0,342.0,831.6651
2013-12-08 18:00:00,49.0,18.0,342.0,891.96814
2013-12-08 19:00:00,49.0,19.0,342.0,945.23914
2013-12-08 20:00:00,49.0,20.0,342.0,1087.5643
2013-12-08 21:00:00,49.0,21.0,342.0,932.709
2013-12-08 22:00:00,49.0,22.0,342.0,710.4754
2013-12-08 23:00:00,49.0,23.0,342.0,658.26215
2013-12-09 00:00:00,50.0,0.0,343.0,496.01315
2013-12-09 01:00:00,50.0,1.0,343.0,405.08365
2013-12-09 02:00:00,50.0,2.0,343.0,356.7133
2013-12-09 03:00:00,50.0,3.0,343.0,303.2875
2013-12-09 04:00:00,50.0,4.0,343.0,286.4832
2013-12-09 05:00:00,50.0,5.0,343.0,317.03354
2013-12-09 06:00:00,50.0,6.0,343.0,481.68484
2013-12-09 07:00:00,50.0,7.0,343.0,708.99994
2013-12-09 08:00:00,50.0,8.0,343.0,785.93005
2013-12-09 09:00:00,50.0,9.0,343.0,708.3698
2013-12-09 10:00:00,50.0,10.0,343.0,636.22687
2013-12-09 11:00:00,50.0,11.0,343.0,746.8274
2013-12-09 12:00:00,50.0,12.0,343.0,772.8175
2013-12-09 13:00:00,50.0,13.0,343.0,765.1442
2013-12-09 14:00:00,50.0,14.0,343.0,814.9151
2013-12-09 15:00:00,50.0,15.0,343.0,766.4877
2013-12-09 16:00:00,50.0,16.0,343.0,776.95624
2013-12-09 17:00:00,50.0,17.0,343.0,775.3597
2013-12-09 18:00:00,50.0,18.0,343.0,855.81366
2013-12-09 19:00:00,50.0,19.0,343.0,931.4472
2013-12-09 20:00:00,50.0,20.0,343.0,992.2072
2013-12-09 21:00:00,50.0,21.0,343.0,919.74133
2013-12-09 22:00:00,50.0,22.0,343.0,768.59564
2013-12-09 23:00:00,50.0,23.0,343.0,681.28625
2013-12-10 00:00:00,50.0,0.0,344.0,578.0477
2013-12-10 01:00:00,50.0,1.0,344.0,461.0342
2013-12-10 02:00:00,50.0,2.0,344.0,434.04663
2013-12-10 03:00:00,50.0,3.0,344.0,339.7775
2013-12-10 04:00:00,50.0,4.0,344.0,343.64014
2013-12-10 05:00:00,50.0,5.0,344.0,362.3566
2013-12-10 06:00:00,50.0,6.0,344.0,543.75555
2013-12-10 07:00:00,50.0,7.0,344.0,818.5491
2013-12-10 08:00:00,50.0,8.0,344.0,904.4935
2013-12-10 09:00:00,50.0,9.0,344.0,747.10547
2013-12-10 10:00:00,50.0,10.0,344.0,693.44806
2013-12-10 11:00:00,50.0,11.0,344.0,763.02277
2013-12-10 12:00:00,50.0,12.0,344.0,824.48395
2013-12-10 13:00:00,50.0,13.0,344.0,795.9753
2013-12-10 14:00:00,50.0,14.0,344.0,843.681
2013-12-10 15:00:00,50.0,15.0,344.0,796.48676
2013-12-10 16:00:00,50.0,16.0,344.0,820.6985
2013-12-10 17:00:00,50.0,17.0,344.0,815.27435
2013-12-10 18:00:00,50.0,18.0,344.0,923.4115
2013-12-10 19:00:00,50.0,19.0,344.0,1007.3585
2013-12-10 20:00:00,50.0,20.0,344.0,1079.046
2013-12-10 21:00:00,50.0,21.0,344.0,978.412
2013-12-10 22:00:00,50.0,22.0,344.0,799.4762
2013-12-10 23:00:00,50.0,23.0,344.0,720.3489
2013-12-11 00:00:00,50.0,0.0,345.0,593.10736
2013-12-11 01:00:00,50.0,1.0,345.0,470.94122
2013-12-11 02:00:00,50.0,2.0,345.0,441.6462
2013-12-11 03:00:00,50.0,3.0,345.0,340.42267
2013-12-11 04:00:00,50.0,4.0,345.0,348.2869
2013-12-11 05:00:00,50.0,5.0,345.0,377.6442
2013-12-11 06:00:00,50.0,6.0,345.0,587.09607
2013-12-11 07:00:00,50.0,7.0,345.0,887.46344
2013-12-11 08:00:00,50.0,8.0,345.0,989.7869
2013-12-11 09:00:00,50.0,9.0,345.0,807.79175
2013-12-11 10:00:00,50.0,10.0,345.0,711.4088
2013-12-11 11:00:00,50.0,11.0,345.0,754.3781
2013-12-11 12:00:00,50.0,12.0,345.0,812.9237
2013-12-11 13:00:00,50.0,13.0,345.0,788.4185
2013-12-11 14:00:00,50.0,14.0,345.0,819.34076
2013-12-11 15:00:00,50.0,15.0,345.0,767.0322
2013-12-11 16:00:00,50.0,16.0,345.0,790.27014
2013-12-11 17:00:00,50.0,17.0,345.0,789.0312
2013-12-11 18:00:00,50.0,18.0,345.0,935.61536
2013-12-11 19:00:00,50.0,19.0,345.0,1021.6192
2013-12-11 20:00:00,50.0,20.0,345.0,1093.9916
2013-12-11 21:00:00,50.0,21.0,345.0,994.6815
2013-12-11 22:00:00,50.0,22.0,345.0,797.3726
2013-12-11 23:00:00,50.0,23.0,345.0,728.8765
2013-12-12 00:00:00,50.0,0.0,346.0,586.1052
2013-12-12 01:00:00,50.0,1.0,346.0,501.76886
2013-12-12 02:00:00,50.0,2.0,346.0,466.782
2013-12-12 03:00:00,50.0,3.0,346.0,350.62827
2013-12-12 04:00:00,50.0,4.0,346.0,366.81235
2013-12-12 05:00:00,50.0,5.0,346.0,387.82254
2013-12-12 06:00:00,50.0,6.0,346.0,624.0106
2013-12-12 07:00:00,50.0,7.0,346.0,916.4587
2013-12-12 08:00:00,50.0,8.0,346.0,1015.5916
2013-12-12 09:00:00,50.0,9.0,346.0,816.13916
2013-12-12 10:00:00,50.0,10.0,346.0,656.9169
2013-12-12 11:00:00,50.0,11.0,346.0,753.78284
2013-12-12 12:00:00,50.0,12.0,346.0,763.9011
2013-12-12 13:00:00,50.0,13.0,346.0,775.8846
2013-12-12 14:00:00,50.0,14.0,346.0,801.3465
2013-12-12 15:00:00,50.0,15.0,346.0,698.998
2013-12-12 16:00:00,50.0,16.0,346.0,752.42316
2013-12-12 17:00:00,50.0,17.0,346.0,729.3867
2013-12-12 18:00:00,50.0,18.0,346.0,963.1954
2013-12-12 19:00:00,50.0,19.0,346.0,1045.2675
2013-12-12 20:00:00,50.0,20.0,346.0,1107.3411
2013-12-12 21:00:00,50.0,21.0,346.0,985.2188
2013-12-12 22:00:00,50.0,22.0,346.0,768.98047
2013-12-12 23:00:00,50.0,23.0,346.0,772.6798
2013-12-13 00:00:00,50.0,0.0,347.0,556.5663
2013-12-13 01:00:00,50.0,1.0,347.0,515.70575
2013-12-13 02:00:00,50.0,2.0,347.0,483.56488
2013-12-13 03:00:00,50.0,3.0,347.0,338.71707
2013-12-13 04:00:00,50.0,4.0,347.0,365.7748
2013-12-13 05:00:00,50.0,5.0,347.0,376.6256
2013-12-13 06:00:00,50.0,6.0,347.0,665.9942
2013-12-13 07:00:00,50.0,7.0,347.0,936.2348
2013-12-13 08:00:00,50.0,8.0,347.0,1038.119
2013-12-13 09:00:00,50.0,9.0,347.0,794.62946
2013-12-13 10:00:00,50.0,10.0,347.0,618.5646
2013-12-13 11:00:00,50.0,11.0,347.0,788.585
2013-12-13 12:00:00,50.0,12.0,347.0,709.211
2013-12-13 13:00:00,50.0,13.0,347.0,772.58716
2013-12-13 14:00:00,50.0,14.0,347.0,787.88855
2013-12-13 15:00:00,50.0,15.0,347.0,644.412
2013-12-13 16:00:00,50.0,16.0,347.0,690.5754
2013-12-13 17:00:00,50.0,17.0,347.0,679.7794
2013-12-13 18:00:00,50.0,18.0,347.0,971.0179
2013-12-13 19:00:00,50.0,19.0,347.0,1040.3489
2013-12-13 20:00:00,50.0,20.0,347.0,1112.4115
2013-12-13 21:00:00,50.0,21.0,347.0,970.5168
2013-12-13 22:00:00,50.0,22.0,347.0,792.48193
2013-12-13 23:00:00,50.0,23.0,347.0,804.1105
2013-12-14 00:00:00,50.0,0.0,348.0,566.4366
2013-12-14 01:00:00,50.0,1.0,348.0,500.80118
2013-12-14 02:00:00,50.0,2.0,348.0,447.1366
2013-12-14 03:00:00,50.0,3.0,348.0,314.88284
2013-12-14 04:00:00,50.0,4.0,348.0,319.36777
2013-12-14 05:00:00,50.0,5.0,348.0,318.40363
2013-12-14 06:00:00,50.0,6.0,348.0,546.6028
2013-12-14 07:00:00,50.0,7.0,348.0,742.1926
2013-12-14 08:00:00,50.0,8.0,348.0,954.77606
2013-12-14 09:00:00,50.0,9.0,348.0,727.1122
2013-12-14 10:00:00,50.0,10.0,348.0,610.0526
2013-12-14 11:00:00,50.0,11.0,348.0,794.7051
2013-12-14 12:00:00,50.0,12.0,348.0,717.62976
2013-12-14 13:00:00,50.0,13.0,348.0,796.5703
2013-12-14 14:00:00,50.0,14.0,348.0,825.15924
2013-12-14 15:00:00,50.0,15.0,348.0,684.28076
2013-12-14 16:00:00,50.0,16.0,348.0,691.6148
2013-12-14 17:00:00,50.0,17.0,348.0,641.9902
2013-12-14 18:00:00,50.0,18.0,348.0,868.7607
2013-12-14 19:00:00,50.0,19.0,348.0,920.3381
2013-12-14 20:00:00,50.0,20.0,348.0,1066.2839
2013-12-14 21:00:00,50.0,21.0,348.0,909.4993
2013-12-14 22:00:00,50.0,22.0,348.0,763.8718
2013-12-14 23:00:00,50.0,23.0,348.0,762.28217
2013-12-15 00:00:00,50.0,0.0,349.0,698.2525
2013-12-15 01:00:00,50.0,1.0,349.0,552.5632
2013-12-15 02:00:00,50.0,2.0,349.0,466.34827
2013-12-15 03:00:00,50.0,3.0,349.0,333.01074
2013-12-15 04:00:00,50.0,4.0,349.0,298.2503
2013-12-15 05:00:00,50.0,5.0,349.0,284.14343
2013-12-15 06:00:00,50.0,6.0,349.0,313.8489
2013-12-15 07:00:00,50.0,7.0,349.0,369.62305
2013-12-15 08:00:00,50.0,8.0,349.0,673.4597
2013-12-15 09:00:00,50.0,9.0,349.0,585.52423
2013-12-15 10:00:00,50.0,10.0,349.0,534.81213
2013-12-15 11:00:00,50.0,11.0,349.0,690.2745
2013-12-15 12:00:00,50.0,12.0,349.0,780.3082
2013-12-15 13:00:00,50.0,13.0,349.0,892.06573
2013-12-15 14:00:00,50.0,14.0,349.0,938.7796
2013-12-15 15:00:00,50.0,15.0,349.0,852.7011
2013-12-15 16:00:00,50.0,16.0,349.0,780.90204
2013-12-15 17:00:00,50.0,17.0,349.0,819.7853
2013-12-15 18:00:00,50.0,18.0,349.0,871.30255
2013-12-15 19:00:00,50.0,19.0,349.0,930.0654
2013-12-15 20:00:00,50.0,20.0,349.0,1085.5695
2013-12-15 21:00:00,50.0,21.0,349.0,935.3294
2013-12-15 22:00:00,50.0,22.0,349.0,709.77246
2013-12-15 23:00:00,50.0,23.0,349.0,647.3619
2013-12-16 00:00:00,51.0,0.0,350.0,532.1721
2013-12-16 01:00:00,51.0,1.0,350.0,398.78864
2013-12-16 02:00:00,51.0,2.0,350.0,374.1611
2013-12-16 03:00:00,51.0,3.0,350.0,310.9256
2013-12-16 04:00:00,51.0,4.0,350.0,313.47665
2013-12-16 05:00:00,51.0,5.0,350.0,333.7881
2013-12-16 06:00:00,51.0,6.0,350.0,493.73502
2013-12-16 07:00:00,51.0,7.0,350.0,701.61383
2013-12-16 08:00:00,51.0,8.0,350.0,742.0838
2013-12-16 09:00:00,51.0,9.0,350.0,751.5301
2013-12-16 10:00:00,51.0,10.0,350.0,650.864
2013-12-16 11:00:00,51.0,11.0,350.0,773.1621
2013-12-16 12:00:00,51.0,12.0,350.0,775.70337
2013-12-16 13:00:00,51.0,13.0,350.0,749.19336
2013-12-16 14:00:00,51.0,14.0,350.0,821.7357
2013-12-16 15:00:00,51.0,15.0,350.0,757.01605
2013-12-16 16:00:00,51.0,16.0,350.0,812.45953
2013-12-16 17:00:00,51.0,17.0,350.0,784.82306
2013-12-16 18:00:00,51.0,18.0,350.0,875.1726
2013-12-16 19:00:00,51.0,19.0,350.0,933.1578
2013-12-16 20:00:00,51.0,20.0,350.0,990.13135
2013-12-16 21:00:00,51.0,21.0,350.0,909.9538
2013-12-16 22:00:00,51.0,22.0,350.0,763.9609
2013-12-16 23:00:00,51.0,23.0,350.0,704.51654
2013-12-17 00:00:00,51.0,0.0,351.0,570.7384
2013-12-17 01:00:00,51.0,1.0,351.0,450.80475
2013-12-17 02:00:00,51.0,2.0,351.0,424.46082
2013-12-17 03:00:00,51.0,3.0,351.0,335.36304
2013-12-17 04:00:00,51.0,4.0,351.0,342.51215
2013-12-17 05:00:00,51.0,5.0,351.0,361.0731
2013-12-17 06:00:00,51.0,6.0,351.0,558.60223
2013-12-17 07:00:00,51.0,7.0,351.0,841.83105
2013-12-17 08:00:00,51.0,8.0,351.0,907.7441
2013-12-17 09:00:00,51.0,9.0,351.0,734.67505
2013-12-17 10:00:00,51.0,10.0,351.0,698.9189
2013-12-17 11:00:00,51.0,11.0,351.0,776.46204
2013-12-17 12:00:00,51.0,12.0,351.0,826.67926
2013-12-17 13:00:00,51.0,13.0,351.0,791.2273
2013-12-17 14:00:00,51.0,14.0,351.0,849.70404
2013-12-17 15:00:00,51.0,15.0,351.0,800.1831
2013-12-17 16:00:00,51.0,16.0,351.0,823.4538
2013-12-17 17:00:00,51.0,17.0,351.0,821.2997
2013-12-17 18:00:00,51.0,18.0,351.0,925.06647
2013-12-17 19:00:00,51.0,19.0,351.0,1005.15314
2013-12-17 20:00:00,51.0,20.0,351.0,1079.5438
2013-12-17 21:00:00,51.0,21.0,351.0,973.93616
2013-12-17 22:00:00,51.0,22.0,351.0,807.2844
2013-12-17 23:00:00,51.0,23.0,351.0,722.9379
2013-12-18 00:00:00,51.0,0.0,352.0,571.9533
2013-12-18 01:00:00,51.0,1.0,352.0,464.43536
2013-12-18 02:00:00,51.0,2.0,352.0,426.21405
2013-12-18 03:00:00,51.0,3.0,352.0,333.20065
2013-12-18 04:00:00,51.0,4.0,352.0,341.3054
2013-12-18 05:00:00,51.0,5.0,352.0,368.59845
2013-12-18 06:00:00,51.0,6.0,352.0,589.5031
2013-12-18 07:00:00,51.0,7.0,352.0,901.84955
2013-12-18 08:00:00,51.0,8.0,352.0,991.3012
2013-12-18 09:00:00,51.0,9.0,352.0,795.8335
2013-12-18 10:00:00,51.0,10.0,352.0,718.7291
2013-12-18 11:00:00,51.0,11.0,352.0,766.1991
2013-12-18 12:00:00,51.0,12.0,352.0,804.16785
2013-12-18 13:00:00,51.0,13.0,352.0,787.26575
2013-12-18 14:00:00,51.0,14.0,352.0,811.1211
2013-12-18 15:00:00,51.0,15.0,352.0,763.53015
2013-12-18 16:00:00,51.0,16.0,352.0,787.48956
2013-12-18 17:00:00,51.0,17.0,352.0,781.3843
2013-12-18 18:00:00,51.0,18.0,352.0,933.23157
2013-12-18 19:00:00,51.0,19.0,352.0,1021.18243
2013-12-18 20:00:00,51.0,20.0,352.0,1093.8096
2013-12-18 21:00:00,51.0,21.0,352.0,989.4686
2013-12-18 22:00:00,51.0,22.0,352.0,804.22614
2013-12-18 23:00:00,51.0,23.0,352.0,738.0259
2013-12-19 00:00:00,51.0,0.0,353.0,578.06836
2013-12-19 01:00:00,51.0,1.0,353.0,504.40936
2013-12-19 02:00:00,51.0,2.0,353.0,460.3564
2013-12-19 03:00:00,51.0,3.0,353.0,350.35355
2013-12-19 04:00:00,51.0,4.0,353.0,366.9112
2013-12-19 05:00:00,51.0,5.0,353.0,384.86053
2013-12-19 06:00:00,51.0,6.0,353.0,632.91205
2013-12-19 07:00:00,51.0,7.0,353.0,926.72473
2013-12-19 08:00:00,51.0,8.0,353.0,1020.26965
2013-12-19 09:00:00,51.0,9.0,353.0,818.0225
2013-12-19 10:00:00,51.0,10.0,353.0,668.1256
2013-12-19 11:00:00,51.0,11.0,353.0,765.1577
2013-12-19 12:00:00,51.0,12.0,353.0,765.32367
2013-12-19 13:00:00,51.0,13.0,353.0,790.433
2013-12-19 14:00:00,51.0,14.0,353.0,797.8251
2013-12-19 15:00:00,51.0,15.0,353.0,698.2997
2013-12-19 16:00:00,51.0,16.0,353.0,745.8588
2013-12-19 17:00:00,51.0,17.0,353.0,730.1065
2013-12-19 18:00:00,51.0,18.0,353.0,975.7089
2013-12-19 19:00:00,51.0,19.0,353.0,1051.4042
2013-12-19 20:00:00,51.0,20.0,353.0,1114.3596
2013-12-19 21:00:00,51.0,21.0,353.0,990.9846
2013-12-19 22:00:00,51.0,22.0,353.0,781.3779
2013-12-19 23:00:00,51.0,23.0,353.0,776.4591
2013-12-20 00:00:00,51.0,0.0,354.0,553.474
2013-12-20 01:00:00,51.0,1.0,354.0,519.025
2013-12-20 02:00:00,51.0,2.0,354.0,475.34183
2013-12-20 03:00:00,51.0,3.0,354.0,334.0885
2013-12-20 04:00:00,51.0,4.0,354.0,357.5804
2013-12-20 05:00:00,51.0,5.0,354.0,369.93484
2013-12-20 06:00:00,51.0,6.0,354.0,666.7269
2013-12-20 07:00:00,51.0,7.0,354.0,950.1056
2013-12-20 08:00:00,51.0,8.0,354.0,1048.1699
2013-12-20 09:00:00,51.0,9.0,354.0,798.132
2013-12-20 10:00:00,51.0,10.0,354.0,629.42004
2013-12-20 11:00:00,51.0,11.0,354.0,790.7841
2013-12-20 12:00:00,51.0,12.0,354.0,703.53
2013-12-20 13:00:00,51.0,13.0,354.0,772.99023
2013-12-20 14:00:00,51.0,14.0,354.0,783.8357
2013-12-20 15:00:00,51.0,15.0,354.0,634.6583
2013-12-20 16:00:00,51.0,16.0,354.0,676.5707
2013-12-20 17:00:00,51.0,17.0,354.0,673.3263
2013-12-20 18:00:00,51.0,18.0,354.0,975.6858
2013-12-20 19:00:00,51.0,19.0,354.0,1048.2126
2013-12-20 20:00:00,51.0,20.0,354.0,1114.9828
2013-12-20 21:00:00,51.0,21.0,354.0,970.9295
2013-12-20 22:00:00,51.0,22.0,354.0,800.68896
2013-12-20 23:00:00,51.0,23.0,354.0,813.24133
2013-12-21 00:00:00,51.0,0.0,355.0,558.71783
2013-12-21 01:00:00,51.0,1.0,355.0,507.6292
2013-12-21 02:00:00,51.0,2.0,355.0,449.63104
2013-12-21 03:00:00,51.0,3.0,355.0,313.85483
2013-12-21 04:00:00,51.0,4.0,355.0,316.64
2013-12-21 05:00:00,51.0,5.0,355.0,323.95453
2013-12-21 06:00:00,51.0,6.0,355.0,568.5724
2013-12-21 07:00:00,51.0,7.0,355.0,780.40247
2013-12-21 08:00:00,51.0,8.0,355.0,974.9815
2013-12-21 09:00:00,51.0,9.0,355.0,738.94165
2013-12-21 10:00:00,51.0,10.0,355.0,627.7476
2013-12-21 11:00:00,51.0,11.0,355.0,802.01843
2013-12-21 12:00:00,51.0,12.0,355.0,717.5013
2013-12-21 13:00:00,51.0,13.0,355.0,803.92786
2013-12-21 14:00:00,51.0,14.0,355.0,820.20703
2013-12-21 15:00:00,51.0,15.0,355.0,673.9886
2013-12-21 16:00:00,51.0,16.0,355.0,672.04944
2013-12-21 17:00:00,51.0,17.0,355.0,636.3564
2013-12-21 18:00:00,51.0,18.0,355.0,870.0753
2013-12-21 19:00:00,51.0,19.0,355.0,926.1551
2013-12-21 20:00:00,51.0,20.0,355.0,1073.9106
2013-12-21 21:00:00,51.0,21.0,355.0,921.4117
2013-12-21 22:00:00,51.0,22.0,355.0,768.3894
2013-12-21 23:00:00,51.0,23.0,355.0,764.46454
2013-12-22 00:00:00,51.0,0.0,356.0,677.65955
2013-12-22 01:00:00,51.0,1.0,356.0,551.20184
2013-12-22 02:00:00,51.0,2.0,356.0,465.02087
2013-12-22 03:00:00,51.0,3.0,356.0,329.22824
2013-12-22 04:00:00,51.0,4.0,356.0,297.44357
2013-12-22 05:00:00,51.0,5.0,356.0,285.51065
2013-12-22 06:00:00,51.0,6.0,356.0,326.5575
2013-12-22 07:00:00,51.0,7.0,356.0,392.64404
2013-12-22 08:00:00,51.0,8.0,356.0,704.2505
2013-12-22 09:00:00,51.0,9.0,356.0,594.636
2013-12-22 10:00:00,51.0,10.0,356.0,543.99945
2013-12-22 11:00:00,51.0,11.0,356.0,692.5763
2013-12-22 12:00:00,51.0,12.0,356.0,774.35736
2013-12-22 13:00:00,51.0,13.0,356.0,885.44806
2013-12-22 14:00:00,51.0,14.0,356.0,928.0823
2013-12-22 15:00:00,51.0,15.0,356.0,834.00696
2013-12-22 16:00:00,51.0,16.0,356.0,757.40576
2013-12-22 17:00:00,51.0,17.0,356.0,795.4709
2013-12-22 18:00:00,51.0,18.0,356.0,857.6002
2013-12-22 19:00:00,51.0,19.0,356.0,921.4419
2013-12-22 20:00:00,51.0,20.0,356.0,1081.6096
2013-12-22 21:00:00,51.0,21.0,356.0,927.467
2013-12-22 22:00:00,51.0,22.0,356.0,711.25946
2013-12-22 23:00:00,51.0,23.0,356.0,655.1655
