,datetime,internet
0,2013-11-04 00:00:00,336.70234488923086
1,2013-11-04 01:00:00,622.9216261593544
2,2013-11-04 02:00:00,487.9744716282049
3,2013-11-04 03:00:00,544.9176231145699
4,2013-11-04 04:00:00,211.93980827713636
5,2013-11-04 05:00:00,291.96450067735327
6,2013-11-04 06:00:00,369.8036917724822
7,2013-11-04 07:00:00,276.9761203795065
8,2013-11-04 08:00:00,187.6525458888641
9,2013-11-04 09:00:00,156.043008322626
10,2013-11-04 10:00:00,262.81037922567765
11,2013-11-04 11:00:00,321.4801112746733
12,2013-11-04 12:00:00,377.512830273728
13,2013-11-04 13:00:00,361.41963511484903
14,2013-11-04 14:00:00,634.7286834210284
15,2013-11-04 15:00:00,615.9403588383021
16,2013-11-04 16:00:00,523.1764441758484
17,2013-11-04 17:00:00,470.83140620999563
18,2013-11-04 18:00:00,433.1504355170673
19,2013-11-04 19:00:00,483.0362545200297
20,2013-11-04 20:00:00,516.0266358189567
21,2013-11-04 21:00:00,572.1965032316273
22,2013-11-04 22:00:00,625.3866040333619
23,2013-11-04 23:00:00,547.4769373072612
24,2013-11-05 00:00:00,656.6276805653546
25,2013-11-05 01:00:00,498.1781474997995
26,2013-11-05 02:00:00,675.5160566669815
27,2013-11-05 03:00:00,691.6740860187599
28,2013-11-05 04:00:00,615.2795101279552
29,2013-11-05 05:00:00,623.0810944514461
30,2013-11-05 06:00:00,591.57136389626
31,2013-11-05 07:00:00,317.98660498841673
32,2013-11-05 08:00:00,585.1473436219685
33,2013-11-05 09:00:00,556.5902201829978
34,2013-11-05 10:00:00,570.1555484100343
35,2013-11-05 11:00:00,673.1750538340061
36,2013-11-05 12:00:00,575.2042612103554
37,2013-11-05 13:00:00,452.82002375693423
38,2013-11-05 14:00:00,537.8400743397694
39,2013-11-05 15:00:00,355.7531069855458
40,2013-11-05 16:00:00,165.95847637296214
41,2013-11-05 17:00:00,157.28466015710922
42,2013-11-05 18:00:00,123.70909371628875
43,2013-11-05 19:00:00,89.37282647720343
44,2013-11-05 20:00:00,214.09958571738616
45,2013-11-05 21:00:00,139.9876449479737
46,2013-11-05 22:00:00,299.57277627611126
47,2013-11-05 23:00:00,263.59249836509923
48,2013-11-06 00:00:00,355.3967975815892
49,2013-11-06 01:00:00,400.79465453284513
50,2013-11-06 02:00:00,299.85534539122835
51,2013-11-06 03:00:00,422.6882096700814
52,2013-11-06 04:00:00,290.75222256788487
53,2013-11-06 05:00:00,341.6724709546396
54,2013-11-06 06:00:00,320.87427819624133
55,2013-11-06 07:00:00,337.97203726626924
56,2013-11-06 08:00:00,331.99817779681774
57,2013-11-06 09:00:00,448.19809872347275
58,2013-11-06 10:00:00,415.6917446153741
59,2013-11-06 11:00:00,267.4103613871786
60,2013-11-06 12:00:00,198.53813366089707
61,2013-11-06 13:00:00,470.1042753831764
62,2013-11-06 14:00:00,433.1664664897596
63,2013-11-06 15:00:00,348.7424468159596
64,2013-11-06 16:00:00,164.750744197127
65,2013-11-06 17:00:00,115.93458556361469
66,2013-11-06 18:00:00,187.78888018696142
67,2013-11-06 19:00:00,508.0247927375821
68,2013-11-06 20:00:00,436.52712442221934
69,2013-11-06 21:00:00,422.83576674183587
70,2013-11-06 22:00:00,484.01726371976866
71,2013-11-06 23:00:00,107.50082961231794
72,2013-11-07 00:00:00,-20.437041642605436
73,2013-11-07 01:00:00,70.25660730765964
74,2013-11-07 02:00:00,207.24276606147538
75,2013-11-07 03:00:00,-21.983183608716217
76,2013-11-07 04:00:00,11.95671318626944
77,2013-11-07 05:00:00,15.830110907205153
78,2013-11-07 06:00:00,82.43324023153718
79,2013-11-07 07:00:00,118.05377743291757
80,2013-11-07 08:00:00,117.31130408008602
81,2013-11-07 09:00:00,136.98024758417324
82,2013-11-07 10:00:00,139.59026915316673
83,2013-11-07 11:00:00,142.20623540460372
84,2013-11-07 12:00:00,180.36786208517333
85,2013-11-07 13:00:00,182.6584881055303
86,2013-11-07 14:00:00,75.88394861482618
87,2013-11-07 15:00:00,242.15772190989412
88,2013-11-07 16:00:00,381.4586788119437
89,2013-11-07 17:00:00,320.3736572548791
90,2013-11-07 18:00:00,339.7184188667448
91,2013-11-07 19:00:00,260.09733106463045
92,2013-11-07 20:00:00,160.40627410344524
93,2013-11-07 21:00:00,234.88879588576862
94,2013-11-07 22:00:00,290.7784053971764
95,2013-11-07 23:00:00,203.45289987105082
96,2013-11-08 00:00:00,263.3166825840815
97,2013-11-08 01:00:00,315.39339026059616
98,2013-11-08 02:00:00,203.66087633477224
99,2013-11-08 03:00:00,69.4367219503618
100,2013-11-08 04:00:00,106.67312000386289
101,2013-11-08 05:00:00,149.620303473241
102,2013-11-08 06:00:00,340.332491449887
103,2013-11-08 07:00:00,473.5952136540392
104,2013-11-08 08:00:00,490.7020645913335
105,2013-11-08 09:00:00,369.2114527840497
106,2013-11-08 10:00:00,197.56185070225513
107,2013-11-08 11:00:00,121.59208739200193
108,2013-11-08 12:00:00,-51.756775939723525
109,2013-11-08 13:00:00,-64.4472304968599
110,2013-11-08 14:00:00,-2.216240266112095
111,2013-11-08 15:00:00,-47.199696026886386
112,2013-11-08 16:00:00,33.92362614196736
113,2013-11-08 17:00:00,80.88027936497662
114,2013-11-08 18:00:00,142.0694639975032
115,2013-11-08 19:00:00,106.08778733768094
116,2013-11-08 20:00:00,182.64651131884267
117,2013-11-08 21:00:00,113.83095477482573
118,2013-11-08 22:00:00,154.77700951666463
119,2013-11-08 23:00:00,225.09007965018657
120,2013-11-09 00:00:00,275.28551388783893
121,2013-11-09 01:00:00,169.31809617153925
122,2013-11-09 02:00:00,155.82843151295629
123,2013-11-09 03:00:00,288.9254347662711
124,2013-11-09 04:00:00,329.4965374051671
125,2013-11-09 05:00:00,342.32730395233
126,2013-11-09 06:00:00,477.5032085525779
127,2013-11-09 07:00:00,422.01404552672454
128,2013-11-09 08:00:00,355.1596878028047
129,2013-11-09 09:00:00,548.7538447147836
130,2013-11-09 10:00:00,426.544101175439
131,2013-11-09 11:00:00,442.6960219288976
132,2013-11-09 12:00:00,283.83095118945266
133,2013-11-09 13:00:00,318.9395681817381
134,2013-11-09 14:00:00,254.26664664917638
135,2013-11-09 15:00:00,446.04145754032095
136,2013-11-09 16:00:00,611.2823859717332
137,2013-11-09 17:00:00,522.780805889329
138,2013-11-09 18:00:00,614.4457110446994
139,2013-11-09 19:00:00,823.7261146335802
140,2013-11-09 20:00:00,598.8132943415411
141,2013-11-09 21:00:00,657.3573575521175
142,2013-11-09 22:00:00,559.6909129996682
143,2013-11-09 23:00:00,699.7863373704797
144,2013-11-10 00:00:00,687.2712072345258
145,2013-11-10 01:00:00,481.7181632486122
146,2013-11-10 02:00:00,394.7363018930755
147,2013-11-10 03:00:00,367.6932857941436
148,2013-11-10 04:00:00,439.10570692615784
149,2013-11-10 05:00:00,459.0944830878848
150,2013-11-10 06:00:00,285.82416824403396
151,2013-11-10 07:00:00,167.62464847135095
152,2013-11-10 08:00:00,211.88779230575585
153,2013-11-10 09:00:00,249.98317511689083
154,2013-11-10 10:00:00,239.8106869726745
155,2013-11-10 11:00:00,154.63398745081838
156,2013-11-10 12:00:00,256.3143493410063
157,2013-11-10 13:00:00,227.94586575622793
158,2013-11-10 14:00:00,429.91709650951395
159,2013-11-10 15:00:00,600.6907540043505
160,2013-11-10 16:00:00,526.4487514510367
161,2013-11-10 17:00:00,875.390409965578
162,2013-11-10 18:00:00,1047.278192743215
163,2013-11-10 19:00:00,984.1314154398676
164,2013-11-10 20:00:00,841.2873840905988
165,2013-11-10 21:00:00,791.8785056487505
166,2013-11-10 22:00:00,625.1301849643611
167,2013-11-10 23:00:00,789.1464213906141
168,2013-11-11 00:00:00,570.7064423506267
169,2013-11-11 01:00:00,506.0146158536768
170,2013-11-11 02:00:00,489.27811644706674
171,2013-11-11 03:00:00,323.9880241805198
172,2013-11-11 04:00:00,464.40309543764465
173,2013-11-11 05:00:00,529.6434172395321
174,2013-11-11 06:00:00,606.8108482908218
175,2013-11-11 07:00:00,664.7337686801293
176,2013-11-11 08:00:00,737.6357808009654
177,2013-11-11 09:00:00,735.709517917949
178,2013-11-11 10:00:00,787.934034003895
179,2013-11-11 11:00:00,945.6055021160332
180,2013-11-11 12:00:00,823.8461229104082
181,2013-11-11 13:00:00,696.064397919152
182,2013-11-11 14:00:00,812.1498290701445
183,2013-11-11 15:00:00,600.5579602891792
184,2013-11-11 16:00:00,508.3323754154072
185,2013-11-11 17:00:00,371.50540083283096
186,2013-11-11 18:00:00,306.570257609251
187,2013-11-11 19:00:00,309.5888668189835
188,2013-11-11 20:00:00,386.4239529674169
189,2013-11-11 21:00:00,371.4889218234104
190,2013-11-11 22:00:00,177.42367068323523
191,2013-11-11 23:00:00,140.09456181015588
192,2013-11-12 00:00:00,166.62004084930174
193,2013-11-12 01:00:00,369.72761295047565
194,2013-11-12 02:00:00,498.70423004059796
195,2013-11-12 03:00:00,406.51874991786946
196,2013-11-12 04:00:00,411.37444084624104
197,2013-11-12 05:00:00,450.06584363868615
198,2013-11-12 06:00:00,414.1261950095213
199,2013-11-12 07:00:00,251.35047393434326
200,2013-11-12 08:00:00,290.4020326899731
201,2013-11-12 09:00:00,327.15551271674144
202,2013-11-12 10:00:00,444.0727841562692
203,2013-11-12 11:00:00,553.9269751290024
204,2013-11-12 12:00:00,576.6149512921689
205,2013-11-12 13:00:00,576.0062455880067
206,2013-11-12 14:00:00,614.9767629684779
207,2013-11-12 15:00:00,715.6732170798493
208,2013-11-12 16:00:00,583.0609513194931
209,2013-11-12 17:00:00,615.8830019412887
210,2013-11-12 18:00:00,893.7614457064703
211,2013-11-12 19:00:00,650.4825617884502
212,2013-11-12 20:00:00,494.3426143462658
213,2013-11-12 21:00:00,574.9508745850642
214,2013-11-12 22:00:00,615.5011544438204
215,2013-11-12 23:00:00,456.33244593530424
216,2013-11-13 00:00:00,74.90298858985
217,2013-11-13 01:00:00,-49.4598118388202
218,2013-11-13 02:00:00,85.07324747815005
219,2013-11-13 03:00:00,127.98611789077711
220,2013-11-13 04:00:00,244.96876990945822
221,2013-11-13 05:00:00,126.17801649905005
222,2013-11-13 06:00:00,306.3578882000474
223,2013-11-13 07:00:00,301.8255486567913
224,2013-11-13 08:00:00,297.43437346611785
225,2013-11-13 09:00:00,303.11825482284803
226,2013-11-13 10:00:00,353.65024113751235
227,2013-11-13 11:00:00,311.10371178046523
228,2013-11-13 12:00:00,369.9334257246312
229,2013-11-13 13:00:00,404.27032677177124
230,2013-11-13 14:00:00,410.8080022167223
231,2013-11-13 15:00:00,524.229111932799
232,2013-11-13 16:00:00,608.7355812923272
233,2013-11-13 17:00:00,466.76878400157574
234,2013-11-13 18:00:00,514.2667967250452
235,2013-11-13 19:00:00,470.67059380771923
236,2013-11-13 20:00:00,466.63813212051997
237,2013-11-13 21:00:00,515.8855752797623
238,2013-11-13 22:00:00,486.11398272244463
239,2013-11-13 23:00:00,305.2478280309768
240,2013-11-14 00:00:00,290.37504120902565
241,2013-11-14 01:00:00,273.1384563195822
242,2013-11-14 02:00:00,339.0054722270793
243,2013-11-14 03:00:00,473.4396684152513
244,2013-11-14 04:00:00,247.39778464022754
245,2013-11-14 05:00:00,347.6321680923875
246,2013-11-14 06:00:00,470.5429142678852
247,2013-11-14 07:00:00,604.8311706876146
248,2013-11-14 08:00:00,575.7340151252894
249,2013-11-14 09:00:00,461.9223379286218
250,2013-11-14 10:00:00,472.99828667154736
251,2013-11-14 11:00:00,438.5983654338714
252,2013-11-14 12:00:00,690.3731949866183
253,2013-11-14 13:00:00,551.0594908932629
254,2013-11-14 14:00:00,427.77942585710093
255,2013-11-14 15:00:00,541.2423778325089
256,2013-11-14 16:00:00,543.3918750153896
257,2013-11-14 17:00:00,788.0476604892763
258,2013-11-14 18:00:00,1035.376413960548
259,2013-11-14 19:00:00,1015.6857461390018
260,2013-11-14 20:00:00,1132.9298330524955
261,2013-11-14 21:00:00,1149.6568581214613
262,2013-11-14 22:00:00,1366.832849056902
263,2013-11-14 23:00:00,1246.0455565634882
264,2013-11-15 00:00:00,1067.14505920395
265,2013-11-15 01:00:00,920.3582609349382
266,2013-11-15 02:00:00,970.0472825369359
267,2013-11-15 03:00:00,846.9793738193384
268,2013-11-15 04:00:00,983.1690762584277
269,2013-11-15 05:00:00,1137.745331808023
270,2013-11-15 06:00:00,1121.255700638694
271,2013-11-15 07:00:00,861.1940274706251
272,2013-11-15 08:00:00,855.5813730259658
273,2013-11-15 09:00:00,670.6661355774522
274,2013-11-15 10:00:00,528.2105192884248
275,2013-11-15 11:00:00,693.1900674636499
276,2013-11-15 12:00:00,583.3591306898869
277,2013-11-15 13:00:00,515.5710972074118
278,2013-11-15 14:00:00,559.7175493295506
279,2013-11-15 15:00:00,432.1842497763992
280,2013-11-15 16:00:00,393.6902126266229
281,2013-11-15 17:00:00,402.5195085149132
282,2013-11-15 18:00:00,525.5131524128674
283,2013-11-15 19:00:00,459.7096921544353
284,2013-11-15 20:00:00,750.5558268620315
285,2013-11-15 21:00:00,756.3964664350334
286,2013-11-15 22:00:00,701.1410037377397
287,2013-11-15 23:00:00,664.1346124417212
288,2013-11-16 00:00:00,762.3170860278954
289,2013-11-16 01:00:00,845.4136930807847
290,2013-11-16 02:00:00,847.4845406943339
291,2013-11-16 03:00:00,921.9233952872378
292,2013-11-16 04:00:00,680.9764988290021
293,2013-11-16 05:00:00,791.1831526464638
294,2013-11-16 06:00:00,502.05104254538145
295,2013-11-16 07:00:00,499.6266502423209
296,2013-11-16 08:00:00,536.4080833898438
297,2013-11-16 09:00:00,572.121702953455
298,2013-11-16 10:00:00,541.9943774296788
299,2013-11-16 11:00:00,390.10883650299854
300,2013-11-16 12:00:00,400.7076370580335
301,2013-11-16 13:00:00,311.6692871197027
302,2013-11-16 14:00:00,277.7536061634941
303,2013-11-16 15:00:00,543.5815338799458
304,2013-11-16 16:00:00,445.15887982423953
305,2013-11-16 17:00:00,406.01187831776144
306,2013-11-16 18:00:00,299.0604845243636
307,2013-11-16 19:00:00,238.9552646534167
308,2013-11-16 20:00:00,204.26054617625908
309,2013-11-16 21:00:00,357.0993808599444
310,2013-11-16 22:00:00,286.65214011789095
311,2013-11-16 23:00:00,122.07793404905607
312,2013-11-17 00:00:00,245.69113624814264
313,2013-11-17 01:00:00,250.36470571033192
314,2013-11-17 02:00:00,273.86071338101584
315,2013-11-17 03:00:00,280.096991240537
316,2013-11-17 04:00:00,231.07425489211352
317,2013-11-17 05:00:00,331.15396732349194
318,2013-11-17 06:00:00,232.1322990898036
319,2013-11-17 07:00:00,60.585133502908434
320,2013-11-17 08:00:00,207.07898131797725
321,2013-11-17 09:00:00,383.03310173056127
322,2013-11-17 10:00:00,552.6564741003081
323,2013-11-17 11:00:00,276.2410778797293
324,2013-11-17 12:00:00,217.27415541945953
325,2013-11-17 13:00:00,241.32098600052302
326,2013-11-17 14:00:00,396.35127759946477
327,2013-11-17 15:00:00,324.59376983715117
328,2013-11-17 16:00:00,496.0230252704338
329,2013-11-17 17:00:00,179.79140273175625
330,2013-11-17 18:00:00,251.59606362778987
331,2013-11-17 19:00:00,510.08925855968465
332,2013-11-17 20:00:00,437.8077554520627
333,2013-11-17 21:00:00,484.93832341971915
334,2013-11-17 22:00:00,596.5393768128314
335,2013-11-17 23:00:00,373.90709625090045
336,2013-11-18 00:00:00,303.33665633629573
337,2013-11-18 01:00:00,288.1466157998237
338,2013-11-18 02:00:00,167.20384363397255
339,2013-11-18 03:00:00,176.07899225669826
340,2013-11-18 04:00:00,59.99075268036029
341,2013-11-18 05:00:00,2.81505920429413
342,2013-11-18 06:00:00,-43.232975533768126
343,2013-11-18 07:00:00,-60.10280411407848
344,2013-11-18 08:00:00,-16.161241373326106
345,2013-11-18 09:00:00,36.46611436996682
346,2013-11-18 10:00:00,103.36127621933525
347,2013-11-18 11:00:00,159.35804300287697
348,2013-11-18 12:00:00,199.05776884389843
349,2013-11-18 13:00:00,356.93664517805394
350,2013-11-18 14:00:00,219.8655561449168
351,2013-11-18 15:00:00,25.625679957964167
352,2013-11-18 16:00:00,43.548678970578976
353,2013-11-18 17:00:00,73.05384266272267
354,2013-11-18 18:00:00,245.60544102806574
355,2013-11-18 19:00:00,128.09793037379507
356,2013-11-18 20:00:00,212.19641311746358
357,2013-11-18 21:00:00,203.75463621595816
358,2013-11-18 22:00:00,147.8338826880725
359,2013-11-18 23:00:00,208.74889069834336
360,2013-11-19 00:00:00,162.13552103099545
361,2013-11-19 01:00:00,232.12137136472364
362,2013-11-19 02:00:00,240.13047591941387
363,2013-11-19 03:00:00,331.1393897382353
364,2013-11-19 04:00:00,330.5989700221319
365,2013-11-19 05:00:00,212.62174203302504
366,2013-11-19 06:00:00,189.32619255120755
367,2013-11-19 07:00:00,324.32713334520054
368,2013-11-19 08:00:00,418.2637267733643
369,2013-11-19 09:00:00,420.691288116698
370,2013-11-19 10:00:00,366.37234238648034
371,2013-11-19 11:00:00,337.88791563860383
372,2013-11-19 12:00:00,346.19574048607933
373,2013-11-19 13:00:00,284.34982143169844
374,2013-11-19 14:00:00,447.19743601017746
375,2013-11-19 15:00:00,517.4819082871652
376,2013-11-19 16:00:00,560.2379412575137
377,2013-11-19 17:00:00,390.04072399257524
378,2013-11-19 18:00:00,404.6933936482411
379,2013-11-19 19:00:00,490.6987972015346
380,2013-11-19 20:00:00,431.5599816257574
381,2013-11-19 21:00:00,351.9581921861343
382,2013-11-19 22:00:00,533.7168469680562
383,2013-11-19 23:00:00,504.0704424292543
384,2013-11-20 00:00:00,500.36257242396704
385,2013-11-20 01:00:00,388.17638852758677
386,2013-11-20 02:00:00,480.0088375638827
387,2013-11-20 03:00:00,475.89312846702444
388,2013-11-20 04:00:00,363.7414051516838
389,2013-11-20 05:00:00,603.317178088689
390,2013-11-20 06:00:00,470.9472182403929
391,2013-11-20 07:00:00,612.6354241079563
392,2013-11-20 08:00:00,530.874966392179
393,2013-11-20 09:00:00,480.65096708116766
394,2013-11-20 10:00:00,312.5668248914186
395,2013-11-20 11:00:00,432.34648278293605
396,2013-11-20 12:00:00,248.59373672842645
397,2013-11-20 13:00:00,99.8815825775797
398,2013-11-20 14:00:00,52.98887840173836
399,2013-11-20 15:00:00,112.86603665026689
400,2013-11-20 16:00:00,176.97257419193522
401,2013-11-20 17:00:00,197.5520594605835
402,2013-11-20 18:00:00,326.88975044279726
403,2013-11-20 19:00:00,368.7913691765266
404,2013-11-20 20:00:00,285.71329554537283
405,2013-11-20 21:00:00,268.13071702444836
406,2013-11-20 22:00:00,210.81447114840404
407,2013-11-20 23:00:00,163.29718191789357
408,2013-11-21 00:00:00,251.53193973702076
409,2013-11-21 01:00:00,290.3574694270971
410,2013-11-21 02:00:00,189.1388039215367
411,2013-11-21 03:00:00,277.08067685307134
412,2013-11-21 04:00:00,243.13920646567414
413,2013-11-21 05:00:00,261.49133724217825
414,2013-11-21 06:00:00,235.33506232258327
415,2013-11-21 07:00:00,179.38436682797857
416,2013-11-21 08:00:00,215.0946206522653
417,2013-11-21 09:00:00,82.7685028369898
418,2013-11-21 10:00:00,53.21123575166496
419,2013-11-21 11:00:00,-1.0502520000823097
420,2013-11-21 12:00:00,-191.4930059871573
421,2013-11-21 13:00:00,-240.12330587250995
422,2013-11-21 14:00:00,-302.0666346682535
423,2013-11-21 15:00:00,-340.90665452178587
424,2013-11-21 16:00:00,-323.32779142738843
425,2013-11-21 17:00:00,-480.5781050149458
426,2013-11-21 18:00:00,-493.3298859652307
427,2013-11-21 19:00:00,-580.5098779041919
428,2013-11-21 20:00:00,-694.1777137971235
429,2013-11-21 21:00:00,-755.7319281582206
430,2013-11-21 22:00:00,-817.4576640921723
431,2013-11-21 23:00:00,-1004.3278824852125
432,2013-11-22 00:00:00,-1085.3103681332361
433,2013-11-22 01:00:00,-1210.5553856630602
434,2013-11-22 02:00:00,-1220.9271080909339
435,2013-11-22 03:00:00,-1303.5104617522686
436,2013-11-22 04:00:00,-1276.901363760811
437,2013-11-22 05:00:00,-1356.362884921308
438,2013-11-22 06:00:00,-1375.5956810620046
439,2013-11-22 07:00:00,-1383.9428894306682
440,2013-11-22 08:00:00,-1425.3143823653195
441,2013-11-22 09:00:00,-1406.6346165354685
442,2013-11-22 10:00:00,-1400.6081072865818
443,2013-11-22 11:00:00,-1365.132515430662
444,2013-11-22 12:00:00,-1340.6049305124313
445,2013-11-22 13:00:00,-1321.404130750769
446,2013-11-22 14:00:00,-1326.8148408359507
447,2013-11-22 15:00:00,-1359.1906304847942
448,2013-11-22 16:00:00,-1349.2595139321436
449,2013-11-22 17:00:00,-1370.1923144080765
450,2013-11-22 18:00:00,-1356.6020709678578
451,2013-11-22 19:00:00,-1351.3216193656287
452,2013-11-22 20:00:00,-1354.7618420643955
453,2013-11-22 21:00:00,-1428.1307630947224
454,2013-11-22 22:00:00,-1296.8569633491952
455,2013-11-22 23:00:00,-1369.1387068667689
456,2013-11-23 00:00:00,-1402.132568646134
457,2013-11-23 01:00:00,-1375.9041051746608
458,2013-11-23 02:00:00,-1347.022914584582
459,2013-11-23 03:00:00,-1373.7741604238793
460,2013-11-23 04:00:00,-1448.4559820562106
461,2013-11-23 05:00:00,-1422.6985472465833
462,2013-11-23 06:00:00,-1350.7241787800583
463,2013-11-23 07:00:00,-1350.3940740608434
464,2013-11-23 08:00:00,-1371.247145854593
465,2013-11-23 09:00:00,-1320.3832189629004
466,2013-11-23 10:00:00,-1305.9406129664462
467,2013-11-23 11:00:00,-1336.3887519111881
468,2013-11-23 12:00:00,-1332.566146256424
469,2013-11-23 13:00:00,-1307.6563532257976
470,2013-11-23 14:00:00,-1340.5472321240093
471,2013-11-23 15:00:00,-1404.6534636893755
472,2013-11-23 16:00:00,-1384.5815931061406
473,2013-11-23 17:00:00,-1370.1905659720637
474,2013-11-23 18:00:00,-1368.900045351023
475,2013-11-23 19:00:00,-1399.5779287878456
476,2013-11-23 20:00:00,-1383.5666260007156
477,2013-11-23 21:00:00,-1389.8964888978214
478,2013-11-23 22:00:00,-1392.1916608518118
479,2013-11-23 23:00:00,-1403.8771580996963
480,2013-11-24 00:00:00,-1432.6469733157605
481,2013-11-24 01:00:00,-1420.0419735687494
482,2013-11-24 02:00:00,-1384.118257562751
483,2013-11-24 03:00:00,-1362.4226144544377
484,2013-11-24 04:00:00,-1377.9767012242228
485,2013-11-24 05:00:00,-1379.5321099012015
486,2013-11-24 06:00:00,-1383.2957932623344
487,2013-11-24 07:00:00,-1427.4805197415658
488,2013-11-24 08:00:00,-1386.9248470504826
489,2013-11-24 09:00:00,-1358.1190140525548
490,2013-11-24 10:00:00,-1377.249351842902
491,2013-11-24 11:00:00,-1347.8820960412672
492,2013-11-24 12:00:00,-1412.5153062208883
493,2013-11-24 13:00:00,-1324.1010933004984
494,2013-11-24 14:00:00,-1378.5802613358383
495,2013-11-24 15:00:00,-1343.5094324168792
496,2013-11-24 16:00:00,-1303.7274426614558
497,2013-11-24 17:00:00,-1304.916029462951
498,2013-11-24 18:00:00,-1321.1539295573386
499,2013-11-24 19:00:00,-1389.8024230403335
500,2013-11-24 20:00:00,-1397.1713814598406
501,2013-11-24 21:00:00,-1346.2859488051906
502,2013-11-24 22:00:00,-1360.160487941089
503,2013-11-24 23:00:00,-1366.5359850181287
504,2013-11-25 00:00:00,-1352.5194728779916
505,2013-11-25 01:00:00,-1315.0263607069126
506,2013-11-25 02:00:00,-1311.9884531346888
507,2013-11-25 03:00:00,-1271.4632032302284
508,2013-11-25 04:00:00,-1272.4944307905723
509,2013-11-25 05:00:00,-1326.4039583729448
510,2013-11-25 06:00:00,-1357.8438102241416
511,2013-11-25 07:00:00,-1392.7450408498598
512,2013-11-25 08:00:00,-1341.9606677967492
513,2013-11-25 09:00:00,-1380.3900674526776
514,2013-11-25 10:00:00,-1434.412718845078
515,2013-11-25 11:00:00,-1379.1644138077115
516,2013-11-25 12:00:00,-1394.6816085776268
517,2013-11-25 13:00:00,-1399.6919268158795
518,2013-11-25 14:00:00,-1413.2860168153265
519,2013-11-25 15:00:00,-1378.5232623218212
520,2013-11-25 16:00:00,-1339.7238936055862
521,2013-11-25 17:00:00,-1355.5183903271302
522,2013-11-25 18:00:00,-1408.6628023103056
523,2013-11-25 19:00:00,-1383.512949015123
524,2013-11-25 20:00:00,572.1407062673691
525,2013-11-25 21:00:00,789.0902310282531
526,2013-11-25 22:00:00,585.0760292880968
527,2013-11-25 23:00:00,306.4043965979876
528,2013-11-26 00:00:00,122.55329009003356
529,2013-11-26 01:00:00,167.48472987942733
530,2013-11-26 02:00:00,216.2615924135522
531,2013-11-26 03:00:00,337.49303136511503
532,2013-11-26 04:00:00,236.53702465957616
533,2013-11-26 05:00:00,118.12555073124264
534,2013-11-26 06:00:00,342.32632045707277
535,2013-11-26 07:00:00,70.82712197863322
536,2013-11-26 08:00:00,240.43529388279376
537,2013-11-26 09:00:00,345.27962558172754
538,2013-11-26 10:00:00,413.95729609068576
539,2013-11-26 11:00:00,429.524649118718
540,2013-11-26 12:00:00,473.7806352931956
541,2013-11-26 13:00:00,384.77454399930076
542,2013-11-26 14:00:00,320.7448720758447
543,2013-11-26 15:00:00,180.55660575275408
544,2013-11-26 16:00:00,289.5877423279162
545,2013-11-26 17:00:00,414.7591507016017
546,2013-11-26 18:00:00,548.7427967847277
547,2013-11-26 19:00:00,327.13269562677453
548,2013-11-26 20:00:00,333.7841833284332
549,2013-11-26 21:00:00,185.26846596362344
550,2013-11-26 22:00:00,228.44777616914968
551,2013-11-26 23:00:00,399.75125348676215
552,2013-11-27 00:00:00,409.4120399763852
553,2013-11-27 01:00:00,489.55076865167376
554,2013-11-27 02:00:00,468.97455623668696
555,2013-11-27 03:00:00,485.7335886124119
556,2013-11-27 04:00:00,364.66704903230533
557,2013-11-27 05:00:00,333.10491593746406
558,2013-11-27 06:00:00,536.975953551348
559,2013-11-27 07:00:00,669.0845768543574
560,2013-11-27 08:00:00,407.61251684884587
561,2013-11-27 09:00:00,396.4622267922015
562,2013-11-27 10:00:00,470.88873305576504
563,2013-11-27 11:00:00,479.95418801075795
564,2013-11-27 12:00:00,692.5231702574713
565,2013-11-27 13:00:00,765.371254055038
566,2013-11-27 14:00:00,727.9838348409321
567,2013-11-27 15:00:00,695.244086380576
568,2013-11-27 16:00:00,427.2179811979437
569,2013-11-27 17:00:00,549.2743322603412
570,2013-11-27 18:00:00,769.7187839117422
571,2013-11-27 19:00:00,746.0214438341854
572,2013-11-27 20:00:00,417.1808110733923
573,2013-11-27 21:00:00,382.27205124509385
574,2013-11-27 22:00:00,588.634009152325
575,2013-11-27 23:00:00,745.7018515864975
576,2013-11-28 00:00:00,645.1092354507668
577,2013-11-28 01:00:00,561.0184840725925
578,2013-11-28 02:00:00,531.2413675502469
579,2013-11-28 03:00:00,546.991617912942
580,2013-11-28 04:00:00,469.15659028106865
581,2013-11-28 05:00:00,401.01508860315766
582,2013-11-28 06:00:00,305.05713922833183
583,2013-11-28 07:00:00,286.84879545842955
584,2013-11-28 08:00:00,311.27112452868994
585,2013-11-28 09:00:00,563.818587955489
586,2013-11-28 10:00:00,638.2970664795328
587,2013-11-28 11:00:00,594.4027743455449
588,2013-11-28 12:00:00,373.7651888130123
589,2013-11-28 13:00:00,389.35568676276387
590,2013-11-28 14:00:00,547.3993094802246
591,2013-11-28 15:00:00,618.1262453456991
592,2013-11-28 16:00:00,660.3244753212732
593,2013-11-28 17:00:00,535.584930642747
594,2013-11-28 18:00:00,632.7933177430203
595,2013-11-28 19:00:00,412.7061699185582
596,2013-11-28 20:00:00,359.7748813576169
597,2013-11-28 21:00:00,459.0428386591569
598,2013-11-28 22:00:00,450.8798935907913
599,2013-11-28 23:00:00,509.93937388248816
600,2013-11-29 00:00:00,420.10140951688277
601,2013-11-29 01:00:00,74.71437605497022
602,2013-11-29 02:00:00,361.87827173645417
603,2013-11-29 03:00:00,298.07471630035224
604,2013-11-29 04:00:00,369.6463543867812
605,2013-11-29 05:00:00,308.8947377219056
606,2013-11-29 06:00:00,368.5240333101709
607,2013-11-29 07:00:00,488.0991351159169
608,2013-11-29 08:00:00,366.26483542714385
609,2013-11-29 09:00:00,389.86985808322527
610,2013-11-29 10:00:00,366.36036559979266
611,2013-11-29 11:00:00,375.17731315874266
612,2013-11-29 12:00:00,329.73432470290663
613,2013-11-29 13:00:00,323.63855553246333
614,2013-11-29 14:00:00,196.19776463597623
615,2013-11-29 15:00:00,121.94999224382013
616,2013-11-29 16:00:00,105.12776483395794
617,2013-11-29 17:00:00,352.191083863038
618,2013-11-29 18:00:00,322.22181968674926
619,2013-11-29 19:00:00,326.176978646733
620,2013-11-29 20:00:00,349.84361181681516
621,2013-11-29 21:00:00,394.12300517841396
622,2013-11-29 22:00:00,330.180962682374
623,2013-11-29 23:00:00,413.8115639490197
624,2013-11-30 00:00:00,493.8997846789888
625,2013-11-30 01:00:00,507.12119007844683
626,2013-11-30 02:00:00,496.6759076691974
627,2013-11-30 03:00:00,581.1661056460814
628,2013-11-30 04:00:00,332.4770525652709
629,2013-11-30 05:00:00,386.3710190671297
630,2013-11-30 06:00:00,472.1917877774725
631,2013-11-30 07:00:00,524.7431138735217
632,2013-11-30 08:00:00,472.97921779128285
633,2013-11-30 09:00:00,427.796800939978
634,2013-11-30 10:00:00,563.9285973638688
635,2013-11-30 11:00:00,460.7035468950058
636,2013-11-30 12:00:00,530.4498614949816
637,2013-11-30 13:00:00,400.5124678881058
638,2013-11-30 14:00:00,484.68051106577065
639,2013-11-30 15:00:00,441.3249639740177
640,2013-11-30 16:00:00,434.136662705532
641,2013-11-30 17:00:00,460.7071748997323
642,2013-11-30 18:00:00,420.15673658896253
643,2013-11-30 19:00:00,72.68431071141936
644,2013-11-30 20:00:00,111.4201674894897
645,2013-11-30 21:00:00,95.31838313869787
646,2013-11-30 22:00:00,66.71563098365579
647,2013-11-30 23:00:00,106.54858764885188
648,2013-12-01 00:00:00,315.66039829519946
649,2013-12-01 01:00:00,503.94285031122087
650,2013-12-01 02:00:00,338.0789322730012
651,2013-12-01 03:00:00,334.7574283795029
652,2013-12-01 04:00:00,417.52452081033164
653,2013-12-01 05:00:00,370.1166618187717
654,2013-12-01 06:00:00,467.34570231944616
655,2013-12-01 07:00:00,479.5687234362881
656,2013-12-01 08:00:00,381.87476287208756
657,2013-12-01 09:00:00,438.8887150892454
658,2013-12-01 10:00:00,613.907345740911
659,2013-12-01 11:00:00,530.9536050337855
660,2013-12-01 12:00:00,304.2575794396827
661,2013-12-01 13:00:00,181.22634416745348
662,2013-12-01 14:00:00,174.08022391777638
663,2013-12-01 15:00:00,203.9792228218011
664,2013-12-01 16:00:00,262.2917056824833
665,2013-12-01 17:00:00,363.420741986938
666,2013-12-01 18:00:00,467.33968114292713
667,2013-12-01 19:00:00,378.71715299933817
668,2013-12-01 20:00:00,462.50998727252073
669,2013-12-01 21:00:00,581.0417645262594
670,2013-12-01 22:00:00,492.052971821166
671,2013-12-01 23:00:00,554.9924283242966
672,2013-12-02 00:00:00,582.883435889432
673,2013-12-02 01:00:00,606.2247506838843
674,2013-12-02 02:00:00,479.4227399569452
675,2013-12-02 03:00:00,618.5537925894519
676,2013-12-02 04:00:00,441.5480644092497
677,2013-12-02 05:00:00,534.2754558825551
678,2013-12-02 06:00:00,529.6315825132706
679,2013-12-02 07:00:00,316.19563826961496
680,2013-12-02 08:00:00,449.545137538627
681,2013-12-02 09:00:00,480.35782539203575
682,2013-12-02 10:00:00,651.4337219071334
683,2013-12-02 11:00:00,644.872071033357
684,2013-12-02 12:00:00,475.89792573833455
685,2013-12-02 13:00:00,627.6509160917263
686,2013-12-02 14:00:00,405.1899822590489
687,2013-12-02 15:00:00,276.7075168970415
688,2013-12-02 16:00:00,324.14850875104383
689,2013-12-02 17:00:00,364.7138634065478
690,2013-12-02 18:00:00,344.4064129260396
691,2013-12-02 19:00:00,432.6678343943619
692,2013-12-02 20:00:00,268.1490537471325
693,2013-12-02 21:00:00,346.6847561834067
694,2013-12-02 22:00:00,310.15203805870334
695,2013-12-02 23:00:00,330.9848061392545
696,2013-12-03 00:00:00,401.130507235452
697,2013-12-03 01:00:00,449.50988469751906
698,2013-12-03 02:00:00,665.9656074174907
699,2013-12-03 03:00:00,657.9290742728498
700,2013-12-03 04:00:00,629.9791170947707
701,2013-12-03 05:00:00,688.1108717742184
702,2013-12-03 06:00:00,572.1407062673691
703,2013-12-03 07:00:00,730.431787319265
704,2013-12-03 08:00:00,709.9545746296399
705,2013-12-03 09:00:00,682.5827651385027
706,2013-12-03 10:00:00,538.9007193360285
707,2013-12-03 11:00:00,425.4679715927416
708,2013-12-03 12:00:00,396.40887763836116
709,2013-12-03 13:00:00,361.22610510368327
710,2013-12-03 14:00:00,50.352936268855274
711,2013-12-03 15:00:00,158.86043811363675
712,2013-12-03 16:00:00,291.84965028676305
713,2013-12-03 17:00:00,455.5257831253531
714,2013-12-03 18:00:00,415.7742052288273
715,2013-12-03 19:00:00,548.5927591193802
716,2013-12-03 20:00:00,490.0367300498413
717,2013-12-03 21:00:00,547.8420571895634
718,2013-12-03 22:00:00,608.0193508712752
719,2013-12-03 23:00:00,477.63130334596497
720,2013-12-04 00:00:00,647.2449828235658
721,2013-12-04 01:00:00,686.9336498068064
722,2013-12-04 02:00:00,682.8608757417873
723,2013-12-04 03:00:00,551.462543641249
724,2013-12-04 04:00:00,697.568063817877
725,2013-12-04 05:00:00,479.9851462559094
726,2013-12-04 06:00:00,425.63558104001777
727,2013-12-04 07:00:00,580.0057287668802
728,2013-12-04 08:00:00,633.7625195358105
729,2013-12-04 09:00:00,832.7284619762365
730,2013-12-04 10:00:00,1059.0649244362403
731,2013-12-04 11:00:00,1002.5808248250335
732,2013-12-04 12:00:00,1210.3880399404375
733,2013-12-04 13:00:00,1466.4888061651304
734,2013-12-04 14:00:00,1411.7921326897995
735,2013-12-04 15:00:00,1869.733488714448
736,2013-12-04 16:00:00,2147.130992371136
737,2013-12-04 17:00:00,2287.4319672507013
738,2013-12-04 18:00:00,2831.6015540707485
739,2013-12-04 19:00:00,2909.5852971132344
740,2013-12-04 20:00:00,3054.0346112767465
741,2013-12-04 21:00:00,3360.661856242664
742,2013-12-04 22:00:00,3664.2424514562936
743,2013-12-04 23:00:00,3382.48775783393
744,2013-12-05 00:00:00,3580.9060464042495
745,2013-12-05 01:00:00,4023.6205354589074
746,2013-12-05 02:00:00,3735.3076331961674
747,2013-12-05 03:00:00,3779.924223370558
748,2013-12-05 04:00:00,3671.5589567954166
749,2013-12-05 05:00:00,3620.2909663411683
750,2013-12-05 06:00:00,3432.6271328419225
751,2013-12-05 07:00:00,3084.440438069979
752,2013-12-05 08:00:00,3375.5912268250795
753,2013-12-05 09:00:00,3281.0510186466745
754,2013-12-05 10:00:00,3126.66621684048
755,2013-12-05 11:00:00,3159.3346946778647
756,2013-12-05 12:00:00,2949.310637541844
757,2013-12-05 13:00:00,3466.032926145901
758,2013-12-05 14:00:00,2513.2218467576567
759,2013-12-05 15:00:00,3629.0383917131603
760,2013-12-05 16:00:00,4191.486478298122
761,2013-12-05 17:00:00,3378.4721248433543
762,2013-12-05 18:00:00,3359.9602088707315
763,2013-12-05 19:00:00,2829.878994910947
764,2013-12-05 20:00:00,4014.956685328327
765,2013-12-05 21:00:00,3841.647511494092
766,2013-12-05 22:00:00,3056.125915591646
767,2013-12-05 23:00:00,3506.554854021937
768,2013-12-06 00:00:00,3907.0603492918162
769,2013-12-06 01:00:00,3351.136376844981
770,2013-12-06 02:00:00,2853.3461533874197
771,2013-12-06 03:00:00,3802.817894834836
772,2013-12-06 04:00:00,2770.243339386685
773,2013-12-06 05:00:00,3481.293800196341
774,2013-12-06 06:00:00,3332.963482615238
775,2013-12-06 07:00:00,2790.487955447984
776,2013-12-06 08:00:00,3272.9811122296396
777,2013-12-06 09:00:00,4128.072102863018
778,2013-12-06 10:00:00,2569.584080378772
779,2013-12-06 11:00:00,3819.2951558193745
780,2013-12-06 12:00:00,3652.246431972537
781,2013-12-06 13:00:00,2956.4299192987246
782,2013-12-06 14:00:00,3711.4729534698063
783,2013-12-06 15:00:00,2701.992789940202
784,2013-12-06 16:00:00,3085.894087771014
785,2013-12-06 17:00:00,3415.279500410217
786,2013-12-06 18:00:00,3732.519227442969
787,2013-12-06 19:00:00,3986.781688043814
788,2013-12-06 20:00:00,3477.9348797721696
789,2013-12-06 21:00:00,3067.147531685474
790,2013-12-06 22:00:00,3067.4316525375525
791,2013-12-06 23:00:00,4039.7096436486063
792,2013-12-07 00:00:00,3254.845809374172
793,2013-12-07 01:00:00,3310.196048231084
794,2013-12-07 02:00:00,3145.907755161241
795,2013-12-07 03:00:00,3022.3679872746916
796,2013-12-07 04:00:00,3224.7982371199605
797,2013-12-07 05:00:00,3418.6644725309798
798,2013-12-07 06:00:00,3462.507204926109
799,2013-12-07 07:00:00,572.1407062673691
800,2013-12-07 08:00:00,1156.5765121965817
801,2013-12-07 09:00:00,925.5194692010948
802,2013-12-07 10:00:00,796.5069654618098
803,2013-12-07 11:00:00,677.2289010791868
804,2013-12-07 12:00:00,860.5782283069202
805,2013-12-07 13:00:00,579.6950644705826
806,2013-12-07 14:00:00,755.1627590566833
807,2013-12-07 15:00:00,915.4034992509919
808,2013-12-07 16:00:00,941.6596317223673
809,2013-12-07 17:00:00,593.8368957619365
810,2013-12-07 18:00:00,523.7416261169828
811,2013-12-07 19:00:00,571.7137545846332
812,2013-12-07 20:00:00,298.45421433692843
813,2013-12-07 21:00:00,471.65202372487386
814,2013-12-07 22:00:00,575.5098222590407
815,2013-12-07 23:00:00,451.31199769590233
816,2013-12-08 00:00:00,390.509151855852
817,2013-12-08 01:00:00,478.11285540706274
818,2013-12-08 02:00:00,490.73303922807264
819,2013-12-08 03:00:00,393.21953365197965
820,2013-12-08 04:00:00,470.6445202556785
821,2013-12-08 05:00:00,371.31864601121475
822,2013-12-08 06:00:00,307.73991759090757
823,2013-12-08 07:00:00,327.9777366072064
824,2013-12-08 08:00:00,387.0663939248667
825,2013-12-08 09:00:00,418.5752106490429
826,2013-12-08 10:00:00,380.343417045735
827,2013-12-08 11:00:00,460.6785879709232
828,2013-12-08 12:00:00,595.8346696778761
829,2013-12-08 13:00:00,323.9536455574183
830,2013-12-08 14:00:00,565.8300980218542
831,2013-12-08 15:00:00,491.43236445842604
832,2013-12-08 16:00:00,551.7143184270908
833,2013-12-08 17:00:00,591.754762540311
834,2013-12-08 18:00:00,702.0070915166755
835,2013-12-08 19:00:00,677.1321688567791
836,2013-12-08 20:00:00,920.3897983495189
837,2013-12-08 21:00:00,648.8867751673013
838,2013-12-08 22:00:00,330.576152932165
839,2013-12-08 23:00:00,351.17690355381876
840,2013-12-09 00:00:00,445.16357874602386
841,2013-12-09 01:00:00,604.4247795196167
842,2013-12-09 02:00:00,581.9525391879612
843,2013-12-09 03:00:00,519.935991219268
844,2013-12-09 04:00:00,658.5361858951161
845,2013-12-09 05:00:00,507.5022944906098
846,2013-12-09 06:00:00,393.0759433444292
847,2013-12-09 07:00:00,330.82541434123846
848,2013-12-09 08:00:00,202.7160215134602
849,2013-12-09 09:00:00,103.02155510205006
850,2013-12-09 10:00:00,243.5322111704491
851,2013-12-09 11:00:00,227.3217833769125
852,2013-12-09 12:00:00,297.96832396897395
853,2013-12-09 13:00:00,198.91693232306818
854,2013-12-09 14:00:00,376.2244296313528
855,2013-12-09 15:00:00,340.9310029525154
856,2013-12-09 16:00:00,330.6821518654404
857,2013-12-09 17:00:00,490.02198854870846
858,2013-12-09 18:00:00,535.4676816165017
859,2013-12-09 19:00:00,653.7599286003506
860,2013-12-09 20:00:00,709.2622267517501
861,2013-12-09 21:00:00,699.6717273898412
862,2013-12-09 22:00:00,863.0419494925434
863,2013-12-09 23:00:00,558.5519927086615
864,2013-12-10 00:00:00,846.2989918004112
865,2013-12-10 01:00:00,999.8193886973322
866,2013-12-10 02:00:00,904.0593404237042
867,2013-12-10 03:00:00,526.5031605942097
868,2013-12-10 04:00:00,302.8099836983429
869,2013-12-10 05:00:00,205.81341962101908
870,2013-12-10 06:00:00,266.52633028366154
871,2013-12-10 07:00:00,199.09999357360732
872,2013-12-10 08:00:00,203.5491512735549
873,2013-12-10 09:00:00,301.17045339369895
874,2013-12-10 10:00:00,278.26449916643156
875,2013-12-10 11:00:00,132.19678891858007
876,2013-12-10 12:00:00,109.97215649459685
877,2013-12-10 13:00:00,108.05058160563965
878,2013-12-10 14:00:00,-7.327049864199921
879,2013-12-10 15:00:00,-19.804676047679436
880,2013-12-10 16:00:00,-105.2558581680936
881,2013-12-10 17:00:00,-96.86786752943158
882,2013-12-10 18:00:00,-85.71918384837397
883,2013-12-10 19:00:00,-83.33252498001445
884,2013-12-10 20:00:00,-73.16825448505824
885,2013-12-10 21:00:00,-43.436886883759826
886,2013-12-10 22:00:00,-47.69647040902055
887,2013-12-10 23:00:00,-63.92471039443751
888,2013-12-11 00:00:00,-71.85955012948443
889,2013-12-11 01:00:00,-30.465808346570498
890,2013-12-11 02:00:00,6.1715318180482654
891,2013-12-11 03:00:00,-50.78106122278575
892,2013-12-11 04:00:00,63.30644302411599
893,2013-12-11 05:00:00,115.01263525407023
894,2013-12-11 06:00:00,279.3400714351498
895,2013-12-11 07:00:00,161.53698767291695
896,2013-12-11 08:00:00,155.20948516442837
897,2013-12-11 09:00:00,258.5936323827302
898,2013-12-11 10:00:00,306.5197278084813
899,2013-12-11 11:00:00,440.7816156275928
900,2013-12-11 12:00:00,497.1274030224628
901,2013-12-11 13:00:00,272.9483357586414
902,2013-12-11 14:00:00,219.7067107331548
903,2013-12-11 15:00:00,283.9337155161044
904,2013-12-11 16:00:00,369.86167428175634
905,2013-12-11 17:00:00,439.09528187643156
906,2013-12-11 18:00:00,219.33787815625664
907,2013-12-11 19:00:00,324.8272953221095
908,2013-12-11 20:00:00,279.1505628268135
909,2013-12-11 21:00:00,309.51674383345585
910,2013-12-11 22:00:00,302.96721180679305
911,2013-12-11 23:00:00,160.97093151377595
912,2013-12-12 00:00:00,181.13717393080117
913,2013-12-12 01:00:00,117.92413090256912
914,2013-12-12 02:00:00,333.3679462801382
915,2013-12-12 03:00:00,187.6415307419835
916,2013-12-12 04:00:00,342.9401089193629
917,2013-12-12 05:00:00,518.2622024964984
918,2013-12-12 06:00:00,532.3085937689353
919,2013-12-12 07:00:00,734.9342176789773
920,2013-12-12 08:00:00,816.9127217571372
921,2013-12-12 09:00:00,707.4373731574755
922,2013-12-12 10:00:00,709.516066877632
923,2013-12-12 11:00:00,707.1773370114731
924,2013-12-12 12:00:00,718.9982724839987
925,2013-12-12 13:00:00,761.555358023473
926,2013-12-12 14:00:00,808.760354726649
927,2013-12-12 15:00:00,513.866645288068
928,2013-12-12 16:00:00,580.902627266679
929,2013-12-12 17:00:00,664.9037057328474
930,2013-12-12 18:00:00,762.4200251981484
931,2013-12-12 19:00:00,831.451513589745
932,2013-12-12 20:00:00,736.1067079414296
933,2013-12-12 21:00:00,1026.282623414423
934,2013-12-12 22:00:00,1372.4823955014308
935,2013-12-12 23:00:00,1062.162978207304
936,2013-12-13 00:00:00,1201.9395097048325
937,2013-12-13 01:00:00,1178.0709540307232
938,2013-12-13 02:00:00,1063.721359225504
939,2013-12-13 03:00:00,979.0278618512328
940,2013-12-13 04:00:00,934.2836577033588
941,2013-12-13 05:00:00,967.0874426326833
942,2013-12-13 06:00:00,1058.1263639845743
943,2013-12-13 07:00:00,836.6877734717507
944,2013-12-13 08:00:00,737.5501183640638
945,2013-12-13 09:00:00,623.6779886507626
946,2013-12-13 10:00:00,791.1634827413199
947,2013-12-13 11:00:00,493.08156579976566
948,2013-12-13 12:00:00,262.1446185029073
949,2013-12-13 13:00:00,375.4043475750035
950,2013-12-13 14:00:00,442.61715653699565
951,2013-12-13 15:00:00,462.79206464000924
952,2013-12-13 16:00:00,420.857924996442
953,2013-12-13 17:00:00,486.47401848065346
954,2013-12-13 18:00:00,396.4983757067659
955,2013-12-13 19:00:00,540.6649240561095
956,2013-12-13 20:00:00,459.8009495865779
957,2013-12-13 21:00:00,334.22175129608416
958,2013-12-13 22:00:00,349.0320752414784
959,2013-12-13 23:00:00,409.862983479534
960,2013-12-14 00:00:00,455.4198934693285
961,2013-12-14 01:00:00,710.8148051479329
962,2013-12-14 02:00:00,554.5407963744677
963,2013-12-14 03:00:00,749.3114977349037
964,2013-12-14 04:00:00,698.7083828576939
965,2013-12-14 05:00:00,755.9732356426873
966,2013-12-14 06:00:00,770.004740621634
967,2013-12-14 07:00:00,713.0795543153006
968,2013-12-14 08:00:00,908.1141383809668
969,2013-12-14 09:00:00,606.2800996114142
970,2013-12-14 10:00:00,381.37862229800805
971,2013-12-14 11:00:00,409.44778456512165
972,2013-12-14 12:00:00,470.92663040634227
973,2013-12-14 13:00:00,541.2255764551984
974,2013-12-14 14:00:00,489.1643260458093
975,2013-12-14 15:00:00,612.0950699582033
976,2013-12-14 16:00:00,583.9672230754792
977,2013-12-14 17:00:00,556.8980760539498
978,2013-12-14 18:00:00,486.5648715869681
979,2013-12-14 19:00:00,578.7642080650979
980,2013-12-14 20:00:00,476.24725232596506
981,2013-12-14 21:00:00,371.5919047045638
982,2013-12-14 22:00:00,354.7127657024852
983,2013-12-14 23:00:00,257.86355107013935
984,2013-12-15 00:00:00,430.9703106527187
985,2013-12-15 01:00:00,645.0580062755921
986,2013-12-15 02:00:00,712.5130391917062
987,2013-12-15 03:00:00,693.2028966128938
988,2013-12-15 04:00:00,584.3860909735871
989,2013-12-15 05:00:00,501.11167344205955
990,2013-12-15 06:00:00,421.52148924647133
991,2013-12-15 07:00:00,305.04481275444164
992,2013-12-15 08:00:00,304.18442924799757
993,2013-12-15 09:00:00,343.1270385845804
994,2013-12-15 10:00:00,394.04005281733214
995,2013-12-15 11:00:00,375.36022142113075
996,2013-12-15 12:00:00,543.4846486693871
997,2013-12-15 13:00:00,358.9078756497744
998,2013-12-15 14:00:00,224.0824996869157
999,2013-12-15 15:00:00,21.62499609529732
1000,2013-12-15 16:00:00,102.05681182109254
1001,2013-12-15 17:00:00,101.94679148498767
1002,2013-12-15 18:00:00,160.83245538156297
1003,2013-12-15 19:00:00,197.10830640053723
1004,2013-12-15 20:00:00,308.7329199689218
1005,2013-12-15 21:00:00,426.60918670601507
1006,2013-12-15 22:00:00,453.47611344300884
1007,2013-12-15 23:00:00,355.80754891189406
1008,2013-12-16 00:00:00,210.40870286073567
1009,2013-12-16 01:00:00,107.4467592286224
1010,2013-12-16 02:00:00,184.68772294197504
1011,2013-12-16 03:00:00,78.55188712674334
1012,2013-12-16 04:00:00,94.64287488515623
1013,2013-12-16 05:00:00,76.7115708014806
1014,2013-12-16 06:00:00,7.608221689758352
1015,2013-12-16 07:00:00,178.3596959026827
1016,2013-12-16 08:00:00,152.29458006570457
1017,2013-12-16 09:00:00,182.23873232975956
1018,2013-12-16 10:00:00,244.38695597075196
1019,2013-12-16 11:00:00,340.404527013614
1020,2013-12-16 12:00:00,434.6225858566618
1021,2013-12-16 13:00:00,416.26145063469176
1022,2013-12-16 14:00:00,519.0866884260549
1023,2013-12-16 15:00:00,475.6884740317273
1024,2013-12-16 16:00:00,586.7000531508522
1025,2013-12-16 17:00:00,616.808096703725
1026,2013-12-16 18:00:00,498.7351664302993
1027,2013-12-16 19:00:00,448.4594789796599
1028,2013-12-16 20:00:00,352.88851313309
1029,2013-12-16 21:00:00,469.12067084873087
1030,2013-12-16 22:00:00,450.1791095091398
1031,2013-12-16 23:00:00,518.9776570490698
1032,2013-12-17 00:00:00,378.2216243778632
1033,2013-12-17 01:00:00,573.0663829311658
1034,2013-12-17 02:00:00,537.6299615057949
1035,2013-12-17 03:00:00,553.2918256961123
1036,2013-12-17 04:00:00,604.3368031369293
1037,2013-12-17 05:00:00,635.2841287591168
1038,2013-12-17 06:00:00,677.1135370855179
1039,2013-12-17 07:00:00,576.0549463607911
1040,2013-12-17 08:00:00,472.43783643537245
1041,2013-12-17 09:00:00,333.7166718428893
1042,2013-12-17 10:00:00,139.6436401624572
1043,2013-12-17 11:00:00,390.99982856739155
1044,2013-12-17 12:00:00,527.4225428883605
1045,2013-12-17 13:00:00,626.2943155171272
1046,2013-12-17 14:00:00,745.6980815213449
1047,2013-12-17 15:00:00,652.0280371633311
1048,2013-12-17 16:00:00,444.1020595317584
1049,2013-12-17 17:00:00,467.6378769049086
1050,2013-12-17 18:00:00,427.56437915525277
1051,2013-12-17 19:00:00,300.3385475388132
1052,2013-12-17 20:00:00,218.5015356449884
1053,2013-12-17 21:00:00,293.42796347550916
1054,2013-12-17 22:00:00,378.6696829615909
1055,2013-12-17 23:00:00,639.5199226268785
1056,2013-12-18 00:00:00,779.3869356880691
1057,2013-12-18 01:00:00,589.1552070000129
1058,2013-12-18 02:00:00,540.6391919954775
1059,2013-12-18 03:00:00,606.2192622339629
1060,2013-12-18 04:00:00,711.5698344568813
1061,2013-12-18 05:00:00,771.1846289539656
1062,2013-12-18 06:00:00,503.19384217879156
1063,2013-12-18 07:00:00,476.648999210804
1064,2013-12-18 08:00:00,322.1511828718325
1065,2013-12-18 09:00:00,366.2865378891526
1066,2013-12-18 10:00:00,304.5818924646052
1067,2013-12-18 11:00:00,328.5150091384868
1068,2013-12-18 12:00:00,286.2842473253496
1069,2013-12-18 13:00:00,449.4098960130376
1070,2013-12-18 14:00:00,395.37343197613643
1071,2013-12-18 15:00:00,663.3241467834422
1072,2013-12-18 16:00:00,640.0139213668424
1073,2013-12-18 17:00:00,540.5449458305255
1074,2013-12-18 18:00:00,661.616777161502
1075,2013-12-18 19:00:00,618.4191575526044
1076,2013-12-18 20:00:00,508.66344177442915
1077,2013-12-18 21:00:00,460.049074512243
1078,2013-12-18 22:00:00,529.7691953552023
1079,2013-12-18 23:00:00,674.9505141109194
1080,2013-12-19 00:00:00,647.7522259663266
1081,2013-12-19 01:00:00,907.6021526055215
1082,2013-12-19 02:00:00,840.2440267554163
1083,2013-12-19 03:00:00,494.08217387443557
1084,2013-12-19 04:00:00,579.615352179987
1085,2013-12-19 05:00:00,581.5224259777631
1086,2013-12-19 06:00:00,583.5974561780866
1087,2013-12-19 07:00:00,596.337825851457
1088,2013-12-19 08:00:00,463.2322224785042
1089,2013-12-19 09:00:00,600.6601782295769
1090,2013-12-19 10:00:00,322.06105099537314
1091,2013-12-19 11:00:00,452.79505390512657
1092,2013-12-19 12:00:00,565.3627957142605
1093,2013-12-19 13:00:00,506.5318687926107
1094,2013-12-19 14:00:00,679.0748451828657
1095,2013-12-19 15:00:00,798.4882494406038
1096,2013-12-19 16:00:00,474.46089710714705
1097,2013-12-19 17:00:00,541.9528985172066
1098,2013-12-19 18:00:00,276.55304257531145
1099,2013-12-19 19:00:00,252.52105184490654
1100,2013-12-19 20:00:00,137.04183624272383
1101,2013-12-19 21:00:00,288.1526041931675
1102,2013-12-19 22:00:00,459.5991363598015
1103,2013-12-19 23:00:00,406.73323930573855
1104,2013-12-20 00:00:00,283.43396879274854
1105,2013-12-20 01:00:00,191.9192980017773
1106,2013-12-20 02:00:00,325.45872113267865
1107,2013-12-20 03:00:00,538.1654036431244
1108,2013-12-20 04:00:00,487.2690760465697
1109,2013-12-20 05:00:00,531.8735145906713
1110,2013-12-20 06:00:00,495.5904130261065
1111,2013-12-20 07:00:00,550.0320388619341
1112,2013-12-20 08:00:00,669.8226135508064
1113,2013-12-20 09:00:00,752.9789734044328
1114,2013-12-20 10:00:00,618.8465026334432
1115,2013-12-20 11:00:00,415.4213052750957
1116,2013-12-20 12:00:00,529.4759061417817
1117,2013-12-20 13:00:00,498.60373868076283
1118,2013-12-20 14:00:00,331.3692216521166
1119,2013-12-20 15:00:00,348.84956037719326
1120,2013-12-20 16:00:00,433.15645669358634
1121,2013-12-20 17:00:00,563.4864943903096
1122,2013-12-20 18:00:00,476.41073109316096
1123,2013-12-20 19:00:00,485.8756217191384
1124,2013-12-20 20:00:00,550.9572019226522
1125,2013-12-20 21:00:00,472.8001779435731
1126,2013-12-20 22:00:00,467.8347398722237
1127,2013-12-20 23:00:00,316.1493702816265
1128,2013-12-21 00:00:00,390.5101790620095
1129,2013-12-21 01:00:00,277.06122550242907
1130,2013-12-21 02:00:00,307.3734235471765
1131,2013-12-21 03:00:00,420.56673390623683
1132,2013-12-21 04:00:00,431.88308167319605
1133,2013-12-21 05:00:00,443.6869152559714
1134,2013-12-21 06:00:00,418.56462168344046
1135,2013-12-21 07:00:00,293.5771924892008
1136,2013-12-21 08:00:00,431.8983367774076
1137,2013-12-21 09:00:00,585.4549372275187
1138,2013-12-21 10:00:00,398.9652659326623
1139,2013-12-21 11:00:00,449.39581017540957
1140,2013-12-21 12:00:00,558.2929400579164
1141,2013-12-21 13:00:00,626.1164886469014
1142,2013-12-21 14:00:00,645.3111688825192
1143,2013-12-21 15:00:00,614.8779899934117
1144,2013-12-21 16:00:00,682.2601240555175
1145,2013-12-21 17:00:00,662.0000944379937
1146,2013-12-21 18:00:00,441.947800592674
1147,2013-12-21 19:00:00,542.7095669849169
1148,2013-12-21 20:00:00,575.8375665896383
1149,2013-12-21 21:00:00,583.3320668127608
1150,2013-12-21 22:00:00,402.36831251070714
1151,2013-12-21 23:00:00,473.2833473079827
1152,2013-12-22 00:00:00,267.666310564001
1153,2013-12-22 01:00:00,431.5991138092687
1154,2013-12-22 02:00:00,381.3215577176406
1155,2013-12-22 03:00:00,257.17468913655
1156,2013-12-22 04:00:00,230.11998037178256
1157,2013-12-22 05:00:00,337.3267113893984
1158,2013-12-22 06:00:00,357.2709024327992
1159,2013-12-22 07:00:00,308.9429289895081
1160,2013-12-22 08:00:00,388.78101955625993
1161,2013-12-22 09:00:00,527.4205212592207
1162,2013-12-22 10:00:00,599.5050575861392
1163,2013-12-22 11:00:00,508.78935102280025
1164,2013-12-22 12:00:00,628.3905700914872
1165,2013-12-22 13:00:00,446.746820338781
1166,2013-12-22 14:00:00,429.02669454227527
1167,2013-12-22 15:00:00,200.81813793247636
1168,2013-12-22 16:00:00,238.23547725785113
1169,2013-12-22 17:00:00,307.5357439755139
1170,2013-12-22 18:00:00,150.4491495651044
1171,2013-12-22 19:00:00,287.69792340804133
1172,2013-12-22 20:00:00,228.7956930802448
1173,2013-12-22 21:00:00,286.9365669462716
1174,2013-12-22 22:00:00,328.30200592122856
1175,2013-12-22 23:00:00,323.1791102592023
